Mã CK,Sàn niêm yết,Tên Doanh Nghiệp (Tiếng Việt),Tên Tiếng Anh (English Name),Trang chủ (Website),Cổng Cổ đông (IR Portal),Ngành ICB Cấp 1,Ngành ICB Cấp 2,Mã ISIN Quốc tế,Giá tham chiếu (VND),Trạng thái giao dịch
AAA,HOSE,Công ty Cổ phần Nhựa An Phát Xanh,An Phat Bioplastics Joint Stock Company,https://anphatbioplastics.com,https://anphatbioplastics.com/quan-he-co-dong,Công nghiệp,Cơ khí & Chế tạo,VN000000AAA4,7350,Đang giao dịch
AAM,HOSE,Công ty Cổ phần Thủy sản Mekong,Mekong Fisheries Joint Stock Company,http://mekongfish.vn,http://mekongfish.vn/quan-he-co-dong,Hàng tiêu dùng,Thực phẩm & Đồ uống,VN000000AAM9,7600,Đang giao dịch
AAN,HOSE,Công ty Cổ phần Lương thực A An,A AN FOOD JOIN STOCK COMPANY,https://aan.vn,https://aan.vn/quan-he-co-dong,Khác / Chưa phân loại,Chưa phân loại,VN000000AAN7,15650,Đang giao dịch
AAT,HOSE,Công ty Cổ phần Tập đoàn Tiên Sơn Thanh Hóa,Tien Son Thanh Hoa Group Joint Stock Company,http://tiensonaus.com,http://tiensonaus.com/quan-he-co-dong,Nguyên vật liệu,Khai khoáng & Than đá,VN000000AAT4,2200,Đang giao dịch
ABR,HOSE,Công ty Cổ phần Đầu tư Nhãn hiệu Việt,Viet Brand Invest Joint Stock Company,http://vbinvest.com.vn,http://vbinvest.com.vn/quan-he-co-dong,Khác / Chưa phân loại,Chưa phân loại,VN000000ABR6,10900,Đang giao dịch
ABS,HOSE,Công ty Cổ phần Dịch vụ Nông nghiệp Bình Thuận,Binh Thuan Agriculture Services JSC,http://bitagco.com,http://bitagco.com/quan-he-co-dong,Hàng tiêu dùng,Thực phẩm & Đồ uống,VN000000ABS4,2900,Đang giao dịch
ABT,HOSE,Công ty Cổ phần Xuất nhập khẩu Thủy sản Bến Tre,Bentre Aquaproduct Import And Export Joint Stock Company,http://aquatexbentre.com,http://aquatexbentre.com/quan-he-co-dong,Hàng tiêu dùng,Thực phẩm & Đồ uống,VN000000ABT2,50300,Đang giao dịch
ACB,HOSE,Ngân hàng Thương mại Cổ phần Á Châu,Asia Commercial Joint Stock Bank,https://acb.com.vn,https://acb.com.vn/quan-he-nha-dau-tu,Tài chính,Ngân hàng,VN000000ACB8,22450,Đang giao dịch
ACC,HOSE,Công ty Cổ phần Đầu tư và Xây dựng Bình Dương ACC,ACC Binh Duong Investment and Construction Joint Stock Company,http://becamexacc.com.vn,http://becamexacc.com.vn/quan-he-co-dong,Công nghiệp,Xây dựng & Vật liệu,VN000000ACC6,4490,Đang giao dịch
ACG,HOSE,Công ty Cổ phần Gỗ An Cường,An Cuong Wood - Working Joint Stock Company,https://ancuong.com,https://ancuong.com/quan-he-co-dong,Công nghiệp,Cơ khí & Chế tạo,VN000000ACG7,31900,Đang giao dịch
ACL,HOSE,Công ty Cổ phần Xuất Nhập Khẩu Thủy sản Cửu Long An Giang,Cuu Long Fish Joint Stock Company,https://clfish.com,https://clfish.com/quan-he-co-dong,Hàng tiêu dùng,Thực phẩm & Đồ uống,VN000000ACL7,12000,Đang giao dịch
ADG,HOSE,Công ty Cổ phần Clever Group,Clever Group Corporation,https://clevergroup.vn,https://clevergroup.vn/quan-he-co-dong,Khác / Chưa phân loại,Chưa phân loại,VN000000ADG5,8390,Đang giao dịch
ADP,HOSE,Công ty Cổ phần Sơn Á Đông,A Dong Paint Stock Company,http://adongpaint.com.vn,http://adongpaint.com.vn/quan-he-co-dong,Khác / Chưa phân loại,Chưa phân loại,VN000000ADP6,23900,Đang giao dịch
ADS,HOSE,Công ty Cổ phần Damsan,Damsan Joint Stock Company,http://damsanjsc.vn,http://damsanjsc.vn/quan-he-co-dong,Hàng tiêu dùng,Hàng cá nhân & May mặc,VN000000ADS0,8090,Đang giao dịch
AFX,HOSE,CTCP Xuất nhập khẩu Nông sản Thực phẩm An Giang,An Giang Agriculture and Foods Import-Export Joint Stock Company,https://afiex.com.vn,https://afiex.com.vn/quan-he-co-dong,Hàng tiêu dùng,Thực phẩm & Đồ uống,VN000000AFX5,10000,Đang giao dịch
AGG,HOSE,Công ty Cổ phần Đầu tư và Phát triển Bất động sản An Gia,An Gia Real Estate Investment and Development Corporation,https://angia.com.vn,https://angia.com.vn/quan-he-co-dong,Bất động sản,Bất động sản dân dụng,VN000000AGG8,10400,Đang giao dịch
AGR,HOSE,Công ty Cổ phần Chứng khoán Agribank,Agribank Securities Corporation,https://agriseco.com.vn,https://agriseco.com.vn/quan-he-co-dong,Tài chính,Dịch vụ Tài chính / Chứng khoán,VN000000AGR5,12850,Đang giao dịch
ANT,HOSE,Công ty cổ phần Rau quả thực phẩm An Giang,AN GIANG FRUIT-VEGETABLES & FOODSTUFF JOINT STOCK COMPANY,http://antesco.com,http://antesco.com/quan-he-co-dong,Hàng tiêu dùng,Thực phẩm & Đồ uống,VN000000ANT7,18150,Đang giao dịch
ANV,HOSE,Công ty Cổ phần Nam Việt,Nam Viet Corporation,https://navicorp.com.vn,https://navicorp.com.vn/quan-he-co-dong,Hàng tiêu dùng,Thực phẩm & Đồ uống,VN000000ANV3,16300,Đang giao dịch
APG,HOSE,Công ty Cổ phần Chứng khoán APG,APG Securities Joint Stock Company,https://apsi.vn,https://apsi.vn/quan-he-co-dongBIDNg,Tài chính,Dịch vụ Tài chính / Chứng khoán,VN000000APG9,4730,Đang giao dịch
APH,HOSE,Công ty Cổ phần Tập đoàn An Phát Holdings,An Phat Holdings Joint Stock Company,https://anphatholdings.vn,https://anphatholdings.vn/quan-he-co-dong,Khác / Chưa phân loại,Chưa phân loại,VN000000APH7,6400,Đang giao dịch
ASG,HOSE,Công ty Cổ phần Tập đoàn ASG,ASG Corporation,https://asg.net.vn,https://asg.net.vn/quan-he-co-dong,Khác / Chưa phân loại,Chưa phân loại,VN000000ASG3,16000,Đang giao dịch
ASM,HOSE,Công ty Cổ phần Tập đoàn Sao Mai,Sao Mai Group Corporation,https://saomaigroup.com,https://saomaigroup.com/quan-he-co-dong,Khác / Chưa phân loại,Chưa phân loại,VN000000ASM1,5290,Đang giao dịch
ASP,HOSE,Công ty Cổ phần Tập đoàn Dầu khí An Pha,An Pha Petroleum Group Joint Stock Company,https://anphapetrol.com,https://anphapetrol.com/quan-he-co-dong,Dầu khí & Năng lượng,Thăm dò & Khai thác Dầu khí,VN000000ASP4,13500,Đang giao dịch
AST,HOSE,Công ty Cổ phần Dịch vụ Hàng không Taseco,Taseco Air Services Joint Stock Company,https://tasecoairs.vn,https://tasecoairs.vn/quan-he-co-dong,Công nghiệp,Vận tải & Logistics,VN000000AST6,64900,Đang giao dịch
BAF,HOSE,Công ty Cổ phần Nông nghiệp BAF Việt Nam,BAF Viet Nam Agriculture Joint Stock Company,https://baf.vn,https://baf.vn/quan-he-co-dong,Hàng tiêu dùng,Thực phẩm & Đồ uống,VN000000BAF1,32100,Đang giao dịch
BCE,HOSE,Công ty Cổ phần Xây dựng và Giao thông Bình Dương,Binh Duong Construction and Civil Engineering Joint Stock Company,https://becamexbce.com.vn,https://becamexbce.com.vn/quan-he-co-dong,Công nghiệp,Xây dựng & Vật liệu,VN000000BCE0,5620,Đang giao dịch
BCM,HOSE,Tập đoàn Đầu tư và Phát triển Công nghiệp Becamex - CTCP,Becamex Investment and Industrial Development Group,https://becamex.com.vn,https://becamex.com.vn/quan-he-co-dong,Bất động sản,Bất động sản khu công nghiệp,VN000000BCM3,41300,Đang giao dịch
BFC,HOSE,Công ty Cổ phần Phân bón Bình Điền,Binh Dien Fertilizer Joint Stock Company,https://binhdien.com,https://binhdien.com/quan-he-co-dong,Nguyên vật liệu,Hóa chất & Phân bón,VN000000BFC7,47100,Đang giao dịch
BHN,HOSE,Tổng Công ty Cổ phần Bia – Rượu – Nước giải khát Hà Nội,Hanoi Beer Alcohol and Beverage Joint Stock Corporation,http://habeco.com.vn,http://habeco.com.vn/quan-he-co-dong,Hàng tiêu dùng,Thực phẩm & Đồ uống,VN000000BHN0,31400,Đang giao dịch
BIC,HOSE,Tổng Công ty Bảo hiểm Ngân hàng Đầu tư và Phát triển Việt Nam,BIDV Insurance Corporation,https://bic.vn,https://bic.vn/quan-he-co-dong,Tài chính,Bảo hiểm,VN000000BIC1,21550,Đang giao dịch
BID,HOSE,Ngân hàng Thương mại Cổ phần Đầu tư và Phát triển Việt Nam,Joint Stock Commercial Bank for Investment and Development of Vietnam,https://bidv.com.vn,https://bidv.com.vn/vn/quan-he-nha-dau-tu,Tài chính,Ngân hàng,VN000000BID9,36400,Đang giao dịch
BKG,HOSE,Công ty Cổ phần Đầu tư BKG Việt Nam,BKG Viet Nam Investment Joint Stock Company,https://bkgvietnam.com,https://bkgvietnam.com/quan-he-co-dong,Khác / Chưa phân loại,Chưa phân loại,VN000000BKG8,1910,Đang giao dịch
BMC,HOSE,Công ty Cổ phần Khoáng sản Bình Định,Binh Dinh Minerals Joint Stock Company,http://bimico.vn,http://bimico.vn/quan-he-co-dong,Nguyên vật liệu,Khai khoáng & Than đá,VN000000BMC3,11000,Đang giao dịch
BMI,HOSE,Tổng Công ty Cổ phần Bảo Minh,Baominh Insurance Corporation,https://baominh.com.vn,https://baominh.com.vn/quan-he-co-dong,Tài chính,Bảo hiểm,VN000000BMI0,13950,Đang giao dịch
BMP,HOSE,Công ty Cổ phần Nhựa Bình Minh,Binh Minh Plastics Joint Stock Company,https://binhminhplastic.com.vn,https://binhminhplastic.com.vn/quan-he-co-dong,Công nghiệp,Cơ khí & Chế tạo,VN000000BMP5,140200,Đang giao dịch
BRC,HOSE,Công ty Cổ phần Cao su Bến Thành,BenThanh Rubber Joint Stock Company,https://berubco.com.vn,https://berubco.com.vn/quan-he-co-dong,Nguyên vật liệu,Hóa chất & Phân bón,VN000000BRC2,11100,Đang giao dịch
BSI,HOSE,Công ty Cổ phần Chứng khoán BIDV,BIDV Securities Joint Stock Company,https://bsc.com.vn,https://bsc.com.vn/quan-he-nha-dau-tu,Tài chính,Dịch vụ Tài chính / Chứng khoán,VN000000BSI7,28300,Đang giao dịch
BSR,HOSE,CÔNG TY CỔ PHẦN – TỔNG CÔNG TY LỌC HÓA DẦU VIỆT NAM,PETROVIETNAM REFINING AND PETROCHEMICAL CORPORATION,https://bsr.com.vn,https://bsr.com.vn/quan-he-co-dong,Dầu khí & Năng lượng,Thăm dò & Khai thác Dầu khí,VN000000BSR8,27350,Đang giao dịch
BTP,HOSE,Công ty Cổ phần Nhiệt điện Bà Rịa,Ba Ria Thermal Power Joint Stock Company,https://btp.com.vn,https://btp.com.vn/quan-he-co-dong,Tiện ích cộng đồng,Sản xuất & Phân phối Điện,VN000000BTP0,7310,Đang giao dịch
BTT,HOSE,Công ty Cổ phần Thương mại – Dịch vụ Bến Thành,Ben Thanh Trading & Service Joint Stock Company,https://benthanhtsc.com,https://benthanhtsc.com/quan-he-co-dong,Dịch vụ tiêu dùng & Bán lẻ,Bán lẻ tổng hợp,VN000000BTT2,40000,Đang giao dịch
BVB,HOSE,Ngân hàng Thương mại Cổ phần Bản Việt,Viet Capital Commercial Joint Stock Bank,https://bvbank.net.vn,https://bvbank.net.vn/quan-he-co-dong,Tài chính,Ngân hàng,VN000000BVB6,11600,Đang giao dịch
BVH,HOSE,Tập đoàn Bảo Việt,BaoViet Holdings,https://baoviet.com.vn,https://baoviet.com.vn/quan-he-co-dongCTGNg,Tài chính,Bảo hiểm,VN000000BVH3,63500,Đang giao dịch
BWE,HOSE,Công ty Cổ phần - Tổng Công ty Nước – Môi trường Bình Dương,Binh Duong Water - Environment Corporation - Joint Stock Company,https://biwase.com.vn,https://biwase.com.vn/quan-he-co-dong,Tiện ích cộng đồng,Sản xuất & Phân phối Điện,VN000000BWE8,42050,Đang giao dịch
C32,HOSE,CÔNG TY CỔ PHẦN ĐẦU TƯ VÀ XÂY DỰNG 3-2,3-2 Investment and Construction Joint Stock Company,https://c32.vn,https://c32.vn/quan-he-co-dong,Công nghiệp,Xây dựng & Vật liệu,VN000000C325,16900,Đang giao dịch
C47,HOSE,Công ty Cổ phần Xây dựng 47,Construction Joint Stock Company 47,https://xaydung47.vn,https://xaydung47.vn/quan-he-co-dong,Công nghiệp,Xây dựng & Vật liệu,VN000000C473,8880,Đang giao dịch
CCC,HOSE,Công ty Cổ phần Xây dựng CDC,CDC Construction Joint Stock Company,https://cdcxd.com.vn,https://cdcxd.com.vn/quan-he-co-dong,Công nghiệp,Xây dựng & Vật liệu,VN000000CCC2,7110,Đang giao dịch
CCI,HOSE,Công ty Cổ phần Đầu tư Phát triển Công nghiệp Thương mại Củ Chi,Cuchi Commercial And Industrial Developing Investment Joint Stock Company,http://cidico.com.vn,http://cidico.com.vn/quan-he-co-dong,Dịch vụ tiêu dùng & Bán lẻ,Bán lẻ tổng hợp,VN000000CCI9,16500,Đang giao dịch
CCL,HOSE,Công ty Cổ phần Đầu tư và Phát triển Đô thị Dầu khí Cửu Long,Cuu Long Petro Urban Development and Investment Corporation,https://beta.dothi5a.com,https://beta.dothi5a.com/quan-he-co-dong,Bất động sản,Bất động sản dân dụng,VN000000CCL3,3530,Đang giao dịch
CDC,HOSE,Công ty Cổ phần Chương Dương,Chuong Duong Corporation,http://chuongduongcorp.vn,http://chuongduongcorp.vn/quan-he-co-dong,Khác / Chưa phân loại,Chưa phân loại,VN000000CDC0,19300,Đang giao dịch
CHP,HOSE,Công ty Cổ phần Thủy điện Miền Trung,Central Hydropower Joint Stock Company,https://chp.vn,https://chp.vn/quan-he-co-dong,Tiện ích cộng đồng,Sản xuất & Phân phối Điện,VN000000CHP3,26000,Đang giao dịch
CIG,HOSE,Công ty Cổ phần COMA18,Coma18 Joint Stock Company,https://coma18.vn,https://coma18.vn/quan-he-co-dong,Khác / Chưa phân loại,Chưa phân loại,VN000000CIG0,7360,Đang giao dịch
CII,HOSE,Công ty Cổ phần Đầu tư Hạ tầng Kỹ thuật TP.HCM,Ho Chi Minh City Infrastructure Investment Joint Stock Company,https://cii.com.vn,https://cii.com.vn/quan-he-co-dong,Công nghiệp,Xây dựng & Vật liệu,VN000000CII6,14350,Đang giao dịch
CKG,HOSE,Công ty Cổ phần Tập đoàn CIC,CIC Group Joint Stock Company,https://cicgroups.com,https://cicgroups.com/quan-he-co-dong,Bất động sản,Bất động sản dân dụng,VN000000CKG6,5750,Đang giao dịch
CLC,HOSE,Công ty Cổ phần Cát Lợi,Cat Loi Joint Stock Company,http://catloi.com.vn,http://catloi.com.vn/quan-he-co-dong,Khác / Chưa phân loại,Chưa phân loại,VN000000CLC3,56000,Đang giao dịch
CLL,HOSE,Công ty Cổ phần Cảng Cát Lái,Cat Lai Port Joint Stock Company,http://catlaiport.com.vn,http://catlaiport.com.vn/quan-he-co-dong,Công nghiệp,Vận tải & Logistics,VN000000CLL4,27450,Đang giao dịch
CLW,HOSE,Công ty Cổ phần Cấp nước Chợ Lớn,Cho Lon Water Supply Joint Stock Company,https://capnuoccholon.com.vn,https://capnuoccholon.com.vn/quan-he-co-dong,Tiện ích cộng đồng,Nước & Xử lý chất thải,VN000000CLW1,44800,Đang giao dịch
CMG,HOSE,Công ty Cổ phần Tập đoàn Công nghệ CMC,CMC Corporation,https://cmc.com.vn,https://cmc.com.vn/quan-he-co-dong,Công nghệ Thông tin,Phần mềm & Dịch vụ CNTT,VN000000CMG2,23100,Đang giao dịch
CMV,HOSE,Công ty Cổ phần Thương nghiệp Cà Mau,Camau Trading Joint Stock Company,https://tncm.com.vn,https://tncm.com.vn/quan-he-co-dong,Khác / Chưa phân loại,Chưa phân loại,VN000000CMV1,8980,Đang giao dịch
CMX,HOSE,Công ty Cổ phần Camimex Group,Camimex Group Joint Stock Company,https://camimex.com.vn,https://camimex.com.vn/quan-he-co-dong,Hàng tiêu dùng,Thực phẩm & Đồ uống,VN000000CMX7,4610,Đang giao dịch
CNG,HOSE,Công ty Cổ phần CNG Việt Nam,CNG Viet Nam Joint Stock Company,https://cngvietnam.com,https://cngvietnam.com/quan-he-co-dong,Khác / Chưa phân loại,Chưa phân loại,VN000000CNG0,22000,Đang giao dịch
COM,HOSE,Công ty Cổ phần Vật tư - Xăng dầu,Materials Petroleum Joint Stock Company,http://comeco.vn,http://comeco.vn/quan-he-co-dong,Dầu khí & Năng lượng,Thăm dò & Khai thác Dầu khí,VN000000COM6,24950,Đang giao dịch
CRC,HOSE,Công ty Cổ phần Create Capital Việt Nam,Create Capital Vietnam Joint Stock Company Limited,https://createcapital.vn,https://createcapital.vn/quan-he-co-dong,Khác / Chưa phân loại,Chưa phân loại,VN000000CRC0,5230,Đang giao dịch
CRE,HOSE,Công ty Cổ phần Bất động sản Thế Kỷ,Century Land Joint Stock Company,https://cenland.vn,https://cenland.vn/quan-he-co-dong,Bất động sản,Bất động sản dân dụng,VN000000CRE6,6350,Đang giao dịch
CRV,HOSE,Công ty Cổ phần Tập đoàn Bất động sản CRV,CRV Real Estate Group Joint Stock Company,https://crvgroup.vn,https://crvgroup.vn/quan-he-co-dong,Bất động sản,Bất động sản dân dụng,VN000000CRV0,22750,Đang giao dịch
CSM,HOSE,Công ty Cổ phần Công nghiệp Cao su Miền Nam,The Southern Rubber Industry Joint Stock Company,http://casumina.com,http://casumina.com/quan-he-co-dong,Nguyên vật liệu,Hóa chất & Phân bón,VN000000CSM7,13150,Đang giao dịch
CSV,HOSE,Công ty Cổ phần Hóa chất cơ bản miền Nam,South Basic Chemicals Joint Stock Company,https://sochemvn.com,https://sochemvn.com/quan-he-co-dong,Nguyên vật liệu,Hóa chất & Phân bón,VN000000CSV8,21300,Đang giao dịch
CTD,HOSE,Công ty Cổ phần Xây dựng COTECCONS,Coteccons Construction Joint Stock Company,https://coteccons.vn,https://coteccons.vn/quan-he-co-dong,Công nghiệp,Xây dựng & Vật liệu,VN000000CTD4,60100,Đang giao dịch
CTF,HOSE,Công ty Cổ phần City Auto,City Auto Corporation,https://cityautogroup.vn,https://cityautogroup.vn/quan-he-co-dong,Khác / Chưa phân loại,Chưa phân loại,VN000000CTF9,21100,Đang giao dịch
CTG,HOSE,Ngân hàng Thương mại Cổ phần Công Thương Việt Nam,Viet Nam Joint Stock Commercial Bank for Industry and Trade,https://vietinbank.vn,https://investor.vietinbank.vn,Tài chính,Ngân hàng,VN000000CTG7,30700,Đang giao dịch
CTI,HOSE,Công ty Cổ phần Đầu tư Phát triển Cường Thuận IDICO,Cuongthuan Idico Development Investment Corporation,http://cuongthuan.vn,http://cuongthuan.vn/quan-he-co-dong,Khác / Chưa phân loại,Chưa phân loại,VN000000CTI3,16450,Đang giao dịch
CTR,HOSE,Tổng Công ty Cổ phần Công trình Viettel,Viettel Construction Joint Stock Corporation,https://viettelconstruction.com.vn,https://viettelconstruction.com.vn/quan-he-co-dong,Công nghệ Thông tin,Phần mềm & Dịch vụ CNTT,VN000000CTR4,74200,Đang giao dịch
CTS,HOSE,Công ty Cổ phần Chứng khoán VIETINBANK,Vietinbank Securities Joint Stock Company,https://vietinbanksc.com.vn,https://vietinbanksc.com.vn/quan-he-co-dong,Tài chính,Dịch vụ Tài chính / Chứng khoán,VN000000CTS2,22000,Đang giao dịch
CVT,HOSE,Công ty Cổ phần CMC,CMC Joint Stock Company,https://cmctiles.vn,https://cmctiles.vn/quan-he-co-dong,Khác / Chưa phân loại,Chưa phân loại,VN000000CVT6,26650,Đang giao dịch
D2D,HOSE,Công ty Cổ phần Phát triển Đô thị Công nghiệp số 2,Industrial Urban Development Joint Stock Company No.2,https://d2d.com.vn,https://d2d.com.vn/quan-he-co-dong,Bất động sản,Bất động sản dân dụng,VN000000D2D0,29500,Đang giao dịch
DAH,HOSE,Công ty Cổ phần Tập đoàn Khách sạn Đông Á,Dong A Hotel Group Joint Stock Company,https://mayplazahotel.com,https://mayplazahotel.com/quan-he-co-dong,Dịch vụ tiêu dùng & Bán lẻ,Du lịch & Giải trí,VN000000DAH3,2260,Đang giao dịch
DAT,HOSE,Công ty Cổ phần Đầu tư Du lịch và Phát triển Thủy sản,Travel Investment And Seafood Development Corporation,http://trisedco.com,http://trisedco.com/quan-he-co-dong,Hàng tiêu dùng,Thực phẩm & Đồ uống,VN000000DAT8,7940,Đang giao dịch
DBC,HOSE,Công ty Cổ phần Tập đoàn DABACO Việt Nam,DABACO Group,https://dabaco.com.vn,https://dabaco.com.vn/quan-he-co-dong,Hàng tiêu dùng,Thực phẩm & Đồ uống,VN000000DBC2,16600,Đang giao dịch
DBD,HOSE,Công ty Cổ phần Dược - Trang thiết bị Y tế Bình Định,Binh Dinh Pharmaceutical and Medical Equipment Joint Stock Company,https://bidiphar.com,https://bidiphar.com/quan-he-co-dong,Y tế & Chăm sóc sức khỏe,Dược phẩm,VN000000DBD0,46500,Đang giao dịch
DBT,HOSE,Công ty Cổ phần Dược phẩm Bến Tre,BenTre Pharmaceutical Joint Stock Company,https://bepharco.com,https://bepharco.com/quan-he-co-dong,Y tế & Chăm sóc sức khỏe,Dược phẩm,VN000000DBT6,13000,Đang giao dịch
DC4,HOSE,Công ty Cổ phần DICERA HOLDINGS,DICERA Holdings Joint Stock Company,https://dicera.vn,https://dicera.vn/quan-he-co-dong,Khác / Chưa phân loại,Chưa phân loại,VN000000DC49,6630,Đang giao dịch
DCL,HOSE,Công ty Cổ phần Dược phẩm Cửu Long,Cuu Long Pharmaceutical Joint Stock Company,http://dcl.com.vn,http://dcl.com.vn/quan-he-co-dong,Y tế & Chăm sóc sức khỏe,Dược phẩm,VN000000DCL1,38000,Đang giao dịch
DCM,HOSE,Công ty Cổ phần - Tổng Công ty phân bón Dầu khí Cà Mau,PetroVietnam Ca Mau Fertilizer Corporation,https://pvcfc.com.vn,https://pvcfc.com.vn/quan-he-co-dong,Nguyên vật liệu,Hóa chất & Phân bón,VN000000DCM9,32650,Đang giao dịch
DGC,HOSE,Công ty Cổ phần Tập đoàn Hóa chất Đức Giang,Duc Giang Chemicals Group Joint Stock Company,https://ducgiangchem.vn,https://ducgiangchem.vn/quan-he-co-dong,Nguyên vật liệu,Hóa chất & Phân bón,VN000000DGC1,46600,Tạm ngừng / Khác
DGW,HOSE,Công ty Cổ phần Thế Giới Số,Digiworld Corp.,https://digiworld.com.vn,https://digiworld.com.vn/quan-he-co-dong,Dịch vụ tiêu dùng & Bán lẻ,Bán lẻ tổng hợp,VN000000DGW9,41850,Đang giao dịch
DHA,HOSE,Công ty Cổ phần Hóa An,Hoa An Joint Stock Company,http://hoaan.com.vn,http://hoaan.com.vn/quan-he-co-dong,Khác / Chưa phân loại,Chưa phân loại,VN000000DHA3,51900,Đang giao dịch
DHC,HOSE,Công ty Cổ phần Đông Hải Bến Tre,Dong Hai Joint Stock Company of Bentre,https://dohacobentre.com.vn,https://dohacobentre.com.vn/quan-he-co-dong,Khác / Chưa phân loại,Chưa phân loại,VN000000DHC9,36300,Đang giao dịch
DHG,HOSE,Công ty Cổ phần Dược Hậu Giang,DHG Pharmaceutical Joint Stock Company,https://dhgpharma.com.vn,https://dhgpharma.com.vn/quan-he-co-dong,Y tế & Chăm sóc sức khỏe,Dược phẩm,VN000000DHG0,95700,Đang giao dịch
DHM,HOSE,Công ty Cổ phần Đầu tư và Thương mại DHM,DHM Investment and Trading Joint stock company,https://dhmjsc.vn,https://dhmjsc.vn/quan-he-co-dong,Dịch vụ tiêu dùng & Bán lẻ,Bán lẻ tổng hợp,VN000000DHM8,6990,Đang giao dịch
DIG,HOSE,Tổng Công ty Cổ phần Đầu tư Phát triển Xây dựng,Development Investment Construction Joint Stock Company,https://dic.vn,https://dic.vn/quan-he-co-dong,Bất động sản,Bất động sản dân dụng,VN000000DIG8,10250,Đang giao dịch
DLG,HOSE,Công ty Cổ phần Tập đoàn Đức Long Gia Lai,DUC LONG GIA LAI GROUP JSC,http://duclonggroup.com,http://duclonggroup.com/quan-he-co-dong,Khác / Chưa phân loại,Chưa phân loại,VN000000DLG2,2150,Đang giao dịch
DMC,HOSE,Công ty Cổ phần Xuất nhập khẩu Y tế DOMESCO,Domesco Medical Import Export Joint Stock Corporation,https://domesco.com,https://domesco.com/quan-he-co-dong,Y tế & Chăm sóc sức khỏe,Dược phẩm,VN000000DMC9,59600,Đang giao dịch
DMX,HOSE,Công ty cổ phần Đầu tư Điện Máy Xanh,Dien May Xanh Investment Joint Stock Company,https://dmx.vn,https://dmx.vn/quan-he-co-dong,Tiện ích cộng đồng,Sản xuất & Phân phối Điện,VN000000DMX5,75000,Đang giao dịch
DPG,HOSE,Công ty Cổ phần Tập đoàn Đạt Phương,Dat Phuong Group Joint Stock Company,https://datphuong.com.vn,https://datphuong.com.vn/quan-he-co-dong,Khác / Chưa phân loại,Chưa phân loại,VN000000DPG3,27750,Đang giao dịch
DPM,HOSE,Tổng Công ty Phân bón và Hóa chất Dầu khí - Công ty Cổ phần,Petrovietnam Fertilizer And Chemicals Corporation,https://dpm.vn,https://dpm.vn/quan-he-co-dong,Nguyên vật liệu,Hóa chất & Phân bón,VN000000DPM1,22800,Đang giao dịch
DPR,HOSE,Công ty Cổ phần Cao su Đồng Phú,Dong Phu Rubber Joint Stock Company,http://doruco.com.vn,http://doruco.com.vn/quan-he-co-dong,Nguyên vật liệu,Hóa chất & Phân bón,VN000000DPR0,38400,Đang giao dịch
DQC,HOSE,Công ty Cổ phần Tập đoàn Điện Quang,Dien Quang Group Joint Stock Company,https://dqc.vn,https://dqc.vn/quan-he-co-dong,Tiện ích cộng đồng,Sản xuất & Phân phối Điện,VN000000DQC0,9660,Đang giao dịch
DRC,HOSE,Công ty Cổ phần Cao su Đà Nẵng,Danang Rubber Joint Stock Company,https://drc.com.vn,https://drc.com.vn/quan-he-co-dong,Nguyên vật liệu,Hóa chất & Phân bón,VN000000DRC8,10000,Đang giao dịch
DRH,HOSE,Công ty Cổ phần DRH Holdings,DRH Holdings Joint Stock Company,https://drh.vn,https://drh.vn/quan-he-co-dong,Khác / Chưa phân loại,Chưa phân loại,VN000000DRH7,1700,Tạm ngừng / Khác
DRL,HOSE,Công ty Cổ phần Thủy điện - Điện lực 3,Hydro Power Joint Stock Company - Power No.3,https://pc3hp.com.vn,https://pc3hp.com.vn/quan-he-co-dong,Tiện ích cộng đồng,Sản xuất & Phân phối Điện,VN000000DRL9,41650,Đang giao dịch
DSC,HOSE,Công ty Cổ phần Chứng khoán DSC,DSC Securities Corporation,https://dsc.com.vn,https://dsc.com.vn/quan-he-co-dong,Tài chính,Dịch vụ Tài chính / Chứng khoán,VN000000DSC6,10500,Đang giao dịch
DSE,HOSE,Công ty Cổ phần Chứng khoán DNSE,DNSE Securities Join Stock Company,https://dnse.com.vn,https://dnse.com.vn/quan-he-co-dongEIBNg,Tài chính,Dịch vụ Tài chính / Chứng khoán,VN000000DSE2,22300,Đang giao dịch
DSN,HOSE,Công ty Cổ phần Công viên nước Đầm Sen,Dam Sen Water Park Corporation,https://damsenwaterpark.com.vn,https://damsenwaterpark.com.vn/quan-he-co-dong,Tiện ích cộng đồng,Nước & Xử lý chất thải,VN000000DSN3,36950,Đang giao dịch
DTA,HOSE,Công ty Cổ phần Đệ Tam,De Tam Joint Stock Company,http://detamland.com,http://detamland.com/quan-he-co-dong,Khác / Chưa phân loại,Chưa phân loại,VN000000DTA8,3350,Đang giao dịch
DTL,HOSE,Công ty Cổ phần Đại Thiên Lộc,Dai Thien Loc Corporation,http://daithienloc.com.vn,http://daithienloc.com.vn/quan-he-co-dong,Khác / Chưa phân loại,Chưa phân loại,VN000000DTL5,10600,Đang giao dịch
DTT,HOSE,Công ty Cổ phần Kỹ nghệ Đô Thành,Do Thanh Technology Corporation,http://dothanhtech.com,http://dothanhtech.com/quan-he-co-dong,Khác / Chưa phân loại,Chưa phân loại,VN000000DTT8,15800,Đang giao dịch
DVP,HOSE,Công ty Cổ phần Đầu tư và Phát triển Cảng Đình Vũ,Dinh Vu Port Investment & Development Joint Stock Company,https://dinhvuport.com.vn,https://dinhvuport.com.vn/quan-he-co-dong,Công nghiệp,Vận tải & Logistics,VN000000DVP2,74000,Đang giao dịch
DXG,HOSE,Công ty Cổ phần Bluemarq Group,Bluemarq Group Joint Stock Company,https://datxanh.vn,https://datxanh.vn/quan-he-co-dong,Bất động sản,Bất động sản dân dụng,VN000000DXG7,11300,Đang giao dịch
DXS,HOSE,Công ty Cổ phần Dịch vụ Bất động sản Đất Xanh,Dat Xanh Real Estate Services Joint Stock Company,https://datxanhservices.vn,https://datxanhservices.vn/quan-he-co-dong,Bất động sản,Bất động sản dân dụng,VN000000DXS2,5620,Đang giao dịch
DXV,HOSE,Công ty Cổ phần Vicem Vật liệu Xây dựng Đà Nẵng,Da Nang Construction Building Materials Vicem Joint Stock Company,http://coxiva.com.vn,http://coxiva.com.vn/quan-he-co-dong,Công nghiệp,Xây dựng & Vật liệu,VN000000DXV6,3200,Đang giao dịch
EIB,HOSE,Ngân hàng Thương mại Cổ phần Xuất Nhập khẩu Việt Nam,Vietnam Export Import Commercial Joint Stock Bank,https://eximbank.com.vn,https://eximbank.com.vn/quan-he-nha-dau-tu,Tài chính,Ngân hàng,VN000000EIB7,16750,Đang giao dịch
ELC,HOSE,Công ty Cổ phần Công nghệ - Viễn thông ELCOM,ELCOM Technology Communications Corporation,https://elcom.com.vn,https://elcom.com.vn/quan-he-co-dong,Công nghệ Thông tin,Phần mềm & Dịch vụ CNTT,VN000000ELC9,13700,Đang giao dịch
EVE,HOSE,Công ty Cổ phần Everpia,Everpia Joint Stock Company,https://everpia.vn,https://everpia.vn/quan-he-co-dong,Hàng tiêu dùng,Hàng cá nhân & May mặc,VN000000EVE4,8350,Đang giao dịch
EVF,HOSE,CÔNG TY TÀI CHÍNH TỔNG HỢP CỔ PHẦN ĐIỆN LỰC,EVF GENERAL FINANCE JOINT STOCK COMPANY,http://evnfc.vn,http://evnfc.vn/quan-he-co-dong,Tiện ích cộng đồng,Sản xuất & Phân phối Điện,VN000000EVF1,11950,Đang giao dịch
EVG,HOSE,Công ty Cổ phần Tập đoàn Everland,Everland Group Joint Stock Company,https://everland.vn,https://everland.vn/quan-he-co-dong,Khác / Chưa phân loại,Chưa phân loại,VN000000EVG9,4130,Đang giao dịch
FCM,HOSE,Công ty Cổ phần Bê tông Phan Vũ Hà Nam,Phan Vu Ha Nam Concrete Joint Stock Company,http://feconmining.com.vn,http://feconmining.com.vn/quan-he-co-dong,Công nghiệp,Xây dựng & Vật liệu,VN000000FCM4,3030,Đang giao dịch
FCN,HOSE,CÔNG TY CỔ PHẦN TẬP ĐOÀN FECON,FECON CORPORATION,https://fecon.com.vn,https://fecon.com.vn/quan-he-co-dong,Công nghiệp,Xây dựng & Vật liệu,VN000000FCN2,11250,Đang giao dịch
FDC,HOSE,Công ty Cổ phần Ngoại thương và Phát triển Đầu tư Thành phố Hồ Chí Minh,Foreign Trade Development and Investment Corporation of Ho Chi Minh City,https://fideco.com.vn,https://fideco.com.vn/quan-he-co-dong,Khác / Chưa phân loại,Chưa phân loại,VN000000FDC3,21400,Đang giao dịch
FIR,HOSE,Công ty Cổ phần Địa ốc First Real,First Real Joint Stock Company,https://fir.vn,https://fir.vn/quan-he-co-dong,Bất động sản,Bất động sản dân dụng,VN000000FIR0,3500,Đang giao dịch
FIT,HOSE,Công ty Cổ phần Tập đoàn F.I.T,F.I.T Group Joint Stock Company,https://fitgroup.com.vn,https://fitgroup.com.vn/quan-he-co-dong,Khác / Chưa phân loại,Chưa phân loại,VN000000FIT6,2910,Đang giao dịch
FMC,HOSE,Công ty Cổ phần Thực phẩm Sao Ta,Sao Ta Foods Joint Stock Company,https://fimexvn.com,https://fimexvn.com/quan-he-co-dong,Hàng tiêu dùng,Thực phẩm & Đồ uống,VN000000FMC4,33400,Đang giao dịch
FPT,HOSE,Công ty Cổ phần FPT,FPT Corporation,https://fpt.com,https://fpt.com/vi/nha-dau-tu,Công nghệ Thông tin,Phần mềm & Dịch vụ CNTT,VN000000FPT1,72400,Đang giao dịch
FRT,HOSE,Công ty Cổ phần Bán lẻ Kỹ thuật số FPT,FPT Digital Retail Joint Stock Company,https://fptretail.com.vn,https://fptretail.com.vn/quan-he-co-dong,Dịch vụ tiêu dùng & Bán lẻ,Bán lẻ tổng hợp,VN000000FRT7,140500,Đang giao dịch
FTS,HOSE,Công ty Cổ phần Chứng khoán FPT,FPT Securities Joint Stock Company,https://fpts.com.vn,https://fpts.com.vn/quan-he-nha-dau-tuHDBNg,Tài chính,Dịch vụ Tài chính / Chứng khoán,VN000000FTS5,21400,Đang giao dịch
GAS,HOSE,Tổng Công ty Khí Việt Nam - Công ty Cổ phần,PetroVietnam Gas Joint Stock Corporation,https://pvgas.com.vn,https://pvgas.com.vn/quan-he-co-dong,Dầu khí & Năng lượng,Thăm dò & Khai thác Dầu khí,VN000000GAS3,85700,Đang giao dịch
GDT,HOSE,Công ty Cổ phần Chế biến Gỗ Đức Thành,Duc Thanh Wood Processing Joint Stock Company,http://goducthanh.com,http://goducthanh.com/quan-he-co-dong,Công nghiệp,Cơ khí & Chế tạo,VN000000GDT5,15900,Đang giao dịch
GEE,HOSE,Công ty Cổ phần Điện lực Gelex,Gelex Electricity Joint Stock Company,https://gelex-electric.com,https://gelex-electric.com/quan-he-co-dong,Tiện ích cộng đồng,Sản xuất & Phân phối Điện,VN000000GEE5,62900,Đang giao dịch
GEG,HOSE,Công ty Cổ phần Điện Gia Lai,Gia Lai Electricity Joint Stock Company,https://gecc.com.vn,https://gecc.com.vn/quan-he-co-dong,Tiện ích cộng đồng,Sản xuất & Phân phối Điện,VN000000GEG0,12700,Đang giao dịch
GEL,HOSE,Công ty Cổ phần Hạ tầng GELEX,GELEX INFRASTRUCTURE JOINT STOCK COMPANY,https://gelex-infra.vn,https://gelex-infra.vn/quan-he-co-dong,Khác / Chưa phân loại,Chưa phân loại,VN000000GEL0,27500,Đang giao dịch
GEX,HOSE,Công ty Cổ phần Tập đoàn GELEX,GELEX Group Joint Stock Company,https://gelex.vn,https://gelex.vn/quan-he-co-dong,Khác / Chưa phân loại,Chưa phân loại,VN000000GEX5,24600,Đang giao dịch
GHC,HOSE,Công ty Cổ phần Thủy điện Gia Lai,Gia Lai Hydropower Joint Stock Company,https://ghc.vn,https://ghc.vn/quan-he-co-dong,Tiện ích cộng đồng,Sản xuất & Phân phối Điện,VN000000GHC2,24500,Đang giao dịch
GIL,HOSE,Công ty Cổ phần Sản xuất Kinh doanh Xuất nhập khẩu Bình Thạnh,Binh Thanh Import Export Production and Trade Joint Stock Company,http://gilimex.com,http://gilimex.com/quan-he-co-dong,Hàng tiêu dùng,Hàng cá nhân & May mặc,VN000000GIL1,7550,Đang giao dịch
GMD,HOSE,CÔNG TY CỔ PHẦN TẬP ĐOÀN GEMADEPT,GEMADEPT GROUP CORPORATION,https://gemadept.com.vn,https://gemadept.com.vn/quan-he-co-dong,Công nghiệp,Vận tải & Logistics,VN000000GMD0,75600,Đang giao dịch
GMH,HOSE,Công ty Cổ phần Minh Hưng Quảng Trị,Minh Hung Quang Tri Joint Stock Company,https://minhhungqt.vn,https://minhhungqt.vn/quan-he-co-dong,Khác / Chưa phân loại,Chưa phân loại,VN000000GMH1,6920,Đang giao dịch
GSP,HOSE,Công ty Cổ phần Vận tải Sản phẩm Khí Quốc tế,International Gas Product Shipping Joint Stock Company,https://gasshipping.com.vn,https://gasshipping.com.vn/quan-he-co-dong,Công nghiệp,Vận tải & Logistics,VN000000GSP1,9800,Đang giao dịch
GTA,HOSE,Công ty Cổ phần Chế biến Gỗ Thuận An,Thuan An Wood Processing Joint Stock Company,https://gothuanan.vn,https://gothuanan.vn/quan-he-co-dong,Công nghiệp,Cơ khí & Chế tạo,VN000000GTA1,8990,Đang giao dịch
GVR,HOSE,Tập đoàn Công nghiệp Cao su Việt Nam - Công ty Cổ phần,Viet Nam Rubber Group - Joint Stock Company,https://rubbergroup.vn,https://rubbergroup.vn/quan-he-co-dong,Nguyên vật liệu,Hóa chất & Phân bón,VN000000GVR1,31850,Đang giao dịch
HAG,HOSE,Công ty Cổ phần Hoàng Anh Gia Lai,Hoang Anh Gia Lai Joint Stock Company,https://hagl.com.vn,https://hagl.com.vn/quan-he-co-dong,Hàng tiêu dùng,Thực phẩm & Đồ uống,VN000000HAG6,13950,Đang giao dịch
HAH,HOSE,Công ty Cổ phần Vận tải và Xếp dỡ Hải An,Hai An Transport and Stevedoring Joint Stock Company,https://haianshipping.com,https://haianshipping.com/quan-he-co-dong,Công nghiệp,Vận tải & Logistics,VN000000HAH4,46600,Đang giao dịch
HAP,HOSE,Công ty Cổ phần Tập đoàn HAPACO,Hapaco Group Joint Stock Company,http://hapaco.vn,http://hapaco.vn/quan-he-co-dong,Khác / Chưa phân loại,Chưa phân loại,VN000000HAP7,7430,Đang giao dịch
HAR,HOSE,Công ty Cổ phần Đầu tư Thương mại Bất động sản An Dương Thảo Điền,An Duong Thao Dien Real Estate Trading Investment Joint Stock Company,https://adtdgroup.com,https://adtdgroup.com/quan-he-co-dong,Bất động sản,Bất động sản dân dụng,VN000000HAR3,2520,Đang giao dịch
HAS,HOSE,Công ty Cổ phần HACISCO,HACISCO Joint Stock Company,https://has.vn,https://has.vn/quan-he-co-dong,Khác / Chưa phân loại,Chưa phân loại,VN000000HAS1,11300,Đang giao dịch
HAX,HOSE,Công ty Cổ phần Dịch vụ Ô tô Hàng Xanh,Hang Xanh Motors Service Joint Stock Company,http://haxaco.com.vn,http://haxaco.com.vn/quan-he-co-dong,Dịch vụ tiêu dùng & Bán lẻ,Bán lẻ tổng hợp,VN000000HAX1,8490,Đang giao dịch
HCD,HOSE,Công ty Cổ phần Đầu tư Sản xuất và Thương mại HCD,HCD Investment Producing and Trading Joint Stock Company,https://hcdgroup.com.vn,https://hcdgroup.com.vn/quan-he-co-dong,Dịch vụ tiêu dùng & Bán lẻ,Bán lẻ tổng hợp,VN000000HCD9,6240,Đang giao dịch
HCM,HOSE,Công ty Cổ phần Chứng khoán Thành phố Hồ Chí Minh,Ho Chi Minh City Securities Corporation,https://hsc.com.vn,https://hsc.com.vn/quan-he-nha-dau-tuLPBNg,Tài chính,Dịch vụ Tài chính / Chứng khoán,VN000000HCM0,26350,Đang giao dịch
HDB,HOSE,Ngân hàng Thương mại Cổ phần Phát triển Thành phố Hồ Chí Minh,Ho Chi Minh City Development Joint Stock Commercial Bank,https://hdbank.com.vn,https://ir.hdbank.com.vn,Tài chính,Ngân hàng,VN000000HDB1,27500,Đang giao dịch
HDC,HOSE,Công ty Cổ phần Phát triển nhà Bà Rịa – Vũng Tàu,Ba Ria - Vung Tau House Development Joint Stock Company,https://hodeco.vn,https://hodeco.vn/quan-he-co-dong,Bất động sản,Bất động sản dân dụng,VN000000HDC9,11600,Đang giao dịch
HDG,HOSE,Công ty Cổ phần Tập đoàn Hà Đô,Ha Do Group Joint Stock Company,https://hado.com.vn,https://hado.com.vn/quan-he-co-dong,Khác / Chưa phân loại,Chưa phân loại,VN000000HDG0,16200,Đang giao dịch
HHP,HOSE,Công ty Cổ phần HHP Global,HHP Global Joint Stock Company,https://hhpglobaljsc.com,https://hhpglobaljsc.com/quan-he-co-dong,Khác / Chưa phân loại,Chưa phân loại,VN000000HHP2,17200,Đang giao dịch
HHS,HOSE,Công ty Cổ phần Đầu tư Dịch vụ Hoàng Huy,Hoang Huy Investment Services Joint Stock Company,http://hoanghuyhhs.vn,http://hoanghuyhhs.vn/quan-he-co-dong,Bất động sản,Bất động sản dân dụng,VN000000HHS6,10650,Đang giao dịch
HHV,HOSE,Công ty Cổ phần Đầu tư Hạ tầng Giao thông Đèo Cả,Deo Ca Traffic Infrastructure Investment Joint Stock Company,https://deoca.vn,https://deoca.vn/quan-he-co-dong,Công nghiệp,Xây dựng & Vật liệu,VN000000HHV0,9880,Đang giao dịch
HID,HOSE,Công ty Cổ phần Halcom Việt Nam,Halcom VietNam Joint Stock Company,http://halcom.vn,http://halcom.vn/quan-he-co-dong,Khác / Chưa phân loại,Chưa phân loại,VN000000HID6,3800,Đang giao dịch
HII,HOSE,Công ty Cổ phần An Tiến Industries,An Tien Industries Joint Stock Company,https://antienindustries.com,https://antienindustries.com/quan-he-co-dong,Khác / Chưa phân loại,Chưa phân loại,VN000000HII5,9900,Đang giao dịch
HMC,HOSE,Công ty Cổ phần Kim khí Thành phố Hồ Chí Minh - Vnsteel,Vnsteel - Ho Chi Minh City Metal Corporation,https://metalhcm.com.vn,https://metalhcm.com.vn/quan-he-co-dong,Khác / Chưa phân loại,Chưa phân loại,VN000000HMC0,10800,Đang giao dịch
HNA,HOSE,Công ty Cổ phần Thủy điện Hủa Na,Hua Na Hydropower Joint Stock Company,http://huana.com.vn,http://huana.com.vn/quan-he-co-dong,Tiện ích cộng đồng,Sản xuất & Phân phối Điện,VN000000HNA2,21400,Đang giao dịch
HPA,HOSE,Công ty Cổ phần Phát triển Nông nghiệp Hòa Phát,HOA PHAT AGRICULTURE DEVELOPMENT JOINT STOCK COMPANY,https://nongnghiep.hoaphat.com.vn,https://nongnghiep.hoaphat.com.vn/quan-he-co-dong,Hàng tiêu dùng,Thực phẩm & Đồ uống,VN000000HPA7,27700,Đang giao dịch
HPG,HOSE,Công ty Cổ phần Tập đoàn Hòa Phát,Hoa Phat Group Joint Stock Company,https://hoaphat.com.vn,https://hoaphat.com.vn/quan-he-co-dong,Nguyên vật liệu,Thép & Kim loại,VN000000HPG4,22050,Đang giao dịch
HPX,HOSE,Công ty Cổ phần Đầu tư Hải Phát,Hai Phat Investment Joint Stock Company,https://haiphat.com.vn,https://haiphat.com.vn/quan-he-co-dong,Khác / Chưa phân loại,Chưa phân loại,VN000000HPX9,4070,Đang giao dịch
HQC,HOSE,Công ty Cổ phần Tư vấn – Thương mại – Dịch vụ Địa ốc Hoàng Quân,Hoang Quan Consulting - Trading - Service Real Estate Corporation,https://hoangquan.com.vn,https://hoangquan.com.vn/quan-he-co-dong,Bất động sản,Bất động sản dân dụng,VN000000HQC1,2010,Đang giao dịch
HRC,HOSE,Công ty Cổ phần Cao su Hòa Bình,Hoa Binh Rubber Joint Stock Company,http://horuco.com.vn,http://horuco.com.vn/quan-he-co-dong,Nguyên vật liệu,Hóa chất & Phân bón,VN000000HRC9,31150,Đang giao dịch
HSG,HOSE,Công ty Cổ phần Tập đoàn Hoa Sen,HOA SEN GROUP (HSG),https://hoasengroup.vn,https://hoasengroup.vn/quan-he-co-dong,Nguyên vật liệu,Thép & Kim loại,VN000000HSG8,10600,Đang giao dịch
HSL,HOSE,Công ty Cổ phần Đầu tư Phát triển Thực phẩm Hồng Hà,Hong Ha Food Investment Development Joint Stock Company,http://honghagroup.com.vn,http://honghagroup.com.vn/quan-he-co-dong,Hàng tiêu dùng,Thực phẩm & Đồ uống,VN000000HSL8,9950,Đang giao dịch
HT1,HOSE,Công ty Cổ phần Xi măng VICEM Hà Tiên,VICEM Ha Tien Cement Joint Stock Company,https://hatien1.com.vn,https://hatien1.com.vn/quan-he-co-dong,Công nghiệp,Xây dựng & Vật liệu,VN000000HT12,12100,Đang giao dịch
HTG,HOSE,Tổng Công ty Cổ phần Dệt may Hòa Thọ,Hoa Tho Textile - Garment Joint Stock Corporation,http://hoatho.com.vn,http://hoatho.com.vn/quan-he-co-dong,Hàng tiêu dùng,Hàng cá nhân & May mặc,VN000000HTG6,34000,Đang giao dịch
HTI,HOSE,Công ty Cổ phần Đầu tư Phát triển Hạ tầng IDICO,IDICO Infrastructure Development Investment Joint Stock Company,https://idico-idi.com.vn,https://idico-idi.com.vn/quan-he-co-dong,Khác / Chưa phân loại,Chưa phân loại,VN000000HTI2,18600,Đang giao dịch
HTL,HOSE,Công ty Cổ phần Kỹ thuật và Ô tô Trường Long,Truong Long Engineering and Auto Joint Stock Company,https://truonglong.com,https://truonglong.com/quan-he-co-dong,Khác / Chưa phân loại,Chưa phân loại,VN000000HTL6,21400,Đang giao dịch
HTN,HOSE,Công ty Cổ phần Hưng Thịnh Incons,Hung Thinh Incons Joint Stock Company,https://hungthinhincons.com.vn,https://hungthinhincons.com.vn/quan-he-co-dong,Khác / Chưa phân loại,Chưa phân loại,VN000000HTN2,6470,Đang giao dịch
HTV,HOSE,Công ty Cổ phần Logistics Vicem,Logistics Vicem Joint Stock Company,https://vantaihatien.com.vn,https://vantaihatien.com.vn/quan-he-co-dong,Công nghiệp,Vận tải & Logistics,VN000000HTV5,12000,Đang giao dịch
HU1,HOSE,Công ty Cổ phần Đầu tư và Xây dựng HUD1,HUD1 Investment and Construction Joint Stock Company,http://hud1.com.vn,http://hud1.com.vn/quan-he-co-dong,Công nghiệp,Xây dựng & Vật liệu,VN000000HU19,5000,Đang giao dịch
HUB,HOSE,Công ty Cổ phần Xây lắp Thừa Thiên Huế,Thua Thien Hue Construction Joint Stock Corporation,http://xaylaphue.com.vn,http://xaylaphue.com.vn/quan-he-co-dong,Công nghiệp,Xây dựng & Vật liệu,VN000000HUB5,11550,Đang giao dịch
HVH,HOSE,Công ty Cổ phần Đầu tư và Công nghệ HVC,HVC Investment and Technology Joint Stock Company,https://hvcgroup.net,https://hvcgroup.net/quan-he-co-dong,Công nghệ Thông tin,Phần mềm & Dịch vụ CNTT,VN000000HVH0,11150,Đang giao dịch
HVN,HOSE,Tổng Công ty Hàng không Việt Nam - CTCP,Vietnam Airlines JSC,https://vietnamairlines.com,https://vietnamairlines.com/quan-he-co-dong,Công nghiệp,Vận tải & Logistics,VN000000HVN8,21900,Đang giao dịch
ICT,HOSE,Công ty Cổ phần Viễn thông - Tin học Bưu điện,Joint Stock Company For Telecoms And Informatics,https://ctin.vn,https://ctin.vn/quan-he-co-dong,Công nghệ Thông tin,Phần mềm & Dịch vụ CNTT,VN000000ICT3,17000,Đang giao dịch
IDI,HOSE,Công ty Cổ phần Đầu tư và Phát triển Đa Quốc Gia I.D.I,I.D.I International Development and Investment Corporation,https://idiseafood.com,https://idiseafood.com/quan-he-co-dong,Hàng tiêu dùng,Thực phẩm & Đồ uống,VN000000IDI4,4850,Đang giao dịch
IJC,HOSE,Công ty Cổ phần Phát triển Hạ tầng Kỹ thuật,Becamex Infrastructure Development Joint Stock Company,https://becamexijc.com,https://becamexijc.com/quan-he-co-dong,Khác / Chưa phân loại,Chưa phân loại,VN000000IJC4,7130,Đang giao dịch
ILB,HOSE,Công ty Cổ phần ICD Tân Cảng - Long Bình,ICD Tan Cang - Long Binh Joint Stock Company,https://icdlongbinh.com,https://icdlongbinh.com/quan-he-co-dong,Công nghiệp,Vận tải & Logistics,VN000000ILB2,18900,Đang giao dịch
IMP,HOSE,Công ty Cổ phần Dược phẩm Imexpharm,Imexpharm Corporation,http://imexpharm.com,http://imexpharm.com/quan-he-co-dong,Y tế & Chăm sóc sức khỏe,Dược phẩm,VN000000IMP0,38800,Đang giao dịch
ITC,HOSE,Công ty Cổ phần Đầu tư - Kinh doanh Nhà,Investment and Trading of Real Estate Joint Stock Company,http://intresco.com.vn,http://intresco.com.vn/quan-he-co-dong,Bất động sản,Bất động sản dân dụng,VN000000ITC3,9100,Đang giao dịch
ITD,HOSE,Công ty Cổ phần Công Nghệ ITD,ITD Technology Corporation,https://itd.com.vn,https://itd.com.vn/quan-he-co-dong,Công nghệ Thông tin,Phần mềm & Dịch vụ CNTT,VN000000ITD1,11750,Đang giao dịch
JVC,HOSE,CÔNG TY CỔ PHẦN ĐẦU TƯ VÀ PHÁT TRIỂN Y TẾ VIỆT NHẬT,JAPAN VIETNAM MEDICAL INVESTMENT AND DEVELOPMENT JOINT STOCK COMPANY,https://vmpi.vn,https://vmpi.vn/quan-he-co-dong,Y tế & Chăm sóc sức khỏe,Dược phẩm,VN000000JVC7,2910,Đang giao dịch
KBC,HOSE,Tổng Công ty Phát triển Đô Thị Kinh Bắc – Công ty Cổ phần,Kinh Bac City Development Holding Corporation,https://kinhbaccity.vn,https://kinhbaccity.vn/quan-he-co-dong,Bất động sản,Bất động sản khu công nghiệp,VN000000KBC7,26950,Đang giao dịch
KDC,HOSE,Công ty Cổ phần Tập đoàn Kido,KIDO Group Corporation,https://kido.vn,https://kido.vn/quan-he-co-dong,Hàng tiêu dùng,Thực phẩm & Đồ uống,VN000000KDC3,51500,Đang giao dịch
KDH,HOSE,Công ty Cổ phần Đầu tư và Kinh doanh Nhà Khang Điền,Khang Dien House Trading and Investment Joint Stock Company,https://khangdien.com.vn,https://khangdien.com.vn/quan-he-co-dong,Bất động sản,Bất động sản dân dụng,VN000000KDH2,17000,Đang giao dịch
KHG,HOSE,Công ty Cổ phần Tập đoàn Khải Hoàn Land,Khai Hoan Land Group Joint Stock Company,https://khaihoanland.vn,https://khaihoanland.vn/quan-he-co-dong,Bất động sản,Bất động sản dân dụng,VN000000KHG5,4820,Đang giao dịch
KHP,HOSE,Công ty Cổ phần Điện lực Khánh Hòa,Khanh Hoa Power Joint Stock Company,https://pckhanhhoa.cpc.vn,https://pckhanhhoa.cpc.vn/quan-he-co-dong,Tiện ích cộng đồng,Sản xuất & Phân phối Điện,VN000000KHP6,9620,Đang giao dịch
KLB,HOSE,Ngân hàng Thương mại Cổ phần Kiên Long,Kien Long Commercial Joint Stock Bank,https://kienlongbank.com,https://kienlongbank.com/quan-he-co-dong,Tài chính,Ngân hàng,VN000000KLB8,12150,Đang giao dịch
KMR,HOSE,Công ty Cổ phần MIRAE,Mirae Joint Stock Company,http://miraejsc.com,http://miraejsc.com/quan-he-co-dong,Khác / Chưa phân loại,Chưa phân loại,VN000000KMR2,2280,Đang giao dịch
KOS,HOSE,Công ty Cổ phần KOSY,Kosy Joint Stock Company,https://kosy.vn,https://kosy.vn/quan-he-co-dong,Khác / Chưa phân loại,Chưa phân loại,VN000000KOS6,33650,Đang giao dịch
KSB,HOSE,Công ty Cổ phần Khoáng sản và Xây dựng Bình Dương,Binh Duong Mineral and Construction Joint Stock Company,https://ksb.vn,https://ksb.vn/quan-he-co-dong,Nguyên vật liệu,Khai khoáng & Than đá,VN000000KSB3,13150,Đang giao dịch
L10,HOSE,Công ty Cổ phần Lilama 10,Lilama 10 Joint Stock Company,https://lilama10.com,https://lilama10.com/quan-he-co-dong,Khác / Chưa phân loại,Chưa phân loại,VN000000L102,23000,Đang giao dịch
LAF,HOSE,Công ty Cổ phần Chế biến Hàng xuất khẩu Long An,Long An Food Processing Export Joint Stock Company,https://lafooco.vn,https://lafooco.vn/quan-he-co-dong,Khác / Chưa phân loại,Chưa phân loại,VN000000LAF0,19600,Đang giao dịch
LBM,HOSE,Công ty Cổ phần Khoáng sản và Vật liệu Xây dựng Lâm Đồng,Lam Dong Minerals and Building Materials Joint Stock Company,http://lbm-vn.vn,http://lbm-vn.vn/quan-he-co-dong,Nguyên vật liệu,Khai khoáng & Than đá,VN000000LBM4,28150,Đang giao dịch
LCG,HOSE,Công ty Cổ phần Lizen,Lizen Joint Stock Company,https://lizen.vn,https://lizen.vn/quan-he-co-dong,Công nghiệp,Xây dựng & Vật liệu,VN000000LCG4,7060,Đang giao dịch
LDG,HOSE,Công ty Cổ phần Đầu tư LDG,LDG Investment Joint Stock Company,https://ldggroup.com.vn,https://ldggroup.com.vn/quan-he-co-dong,Bất động sản,Bất động sản dân dụng,VN000000LDG2,2630,Đang giao dịch
LGC,HOSE,Công ty Cổ phần Đầu tư Cầu Đường CII,CII Bridges and Roads Investment Joint Stock Company,http://ciibr.com.vn,http://ciibr.com.vn/quan-he-co-dong,Hàng tiêu dùng,Thực phẩm & Đồ uống,VN000000LGC4,64800,Đang giao dịch
LGL,HOSE,Công ty Cổ phần Đầu tư và Phát triển Đô thị Long Giang,Long Giang Investment and Urban Development Joint Stock Company,https://longgiangland.com.vn,https://longgiangland.com.vn/quan-he-co-dong,Bất động sản,Bất động sản dân dụng,VN000000LGL5,4690,Đang giao dịch
LHG,HOSE,Công ty Cổ phần Long Hậu,Long Hau Corporation,https://longhau.com.vn,https://longhau.com.vn/quan-he-co-dong,Bất động sản,Bất động sản khu công nghiệp,VN000000LHG3,26600,Đang giao dịch
LIX,HOSE,Công ty Cổ phần Bột giặt LIX,Lix Detergent Joint Stock Company,https://lixco.com,https://lixco.com/quan-he-co-dong,Khác / Chưa phân loại,Chưa phân loại,VN000000LIX6,24850,Đang giao dịch
LM8,HOSE,Công ty Cổ phần Lilama 18,Lilama 18 Joint Stock Company,https://lilama18.com.vn,https://lilama18.com.vn/quan-he-co-dong,Khác / Chưa phân loại,Chưa phân loại,VN000000LM88,14800,Đang giao dịch
LPB,HOSE,Ngân hàng Thương mại Cổ phần Lộc Phát Việt Nam,Fortune Vietnam Joint Stock Commercial Bank,https://lpbank.com.vn,https://lpbank.com.vn/nha-dau-tuMBBNg,Tài chính,Ngân hàng,VN000000LPB7,48150,Đang giao dịch
LPS,HOSE,CÔNG TY CỔ PHẦN CHỨNG KHOÁN LPS,LPS SECURITIES JOINT STOCK COMPANY,https://lpbs.com.vn,https://lpbs.com.vn/quan-he-co-dong,Tài chính,Dịch vụ Tài chính / Chứng khoán,VN000000LPS1,23150,Đang giao dịch
LSS,HOSE,Công ty Cổ phần Mía đường Lam Sơn,Lam Son Sugar Cane Joint Stock Corporation,https://lasuco.vn,https://lasuco.vn/quan-he-co-dong,Hàng tiêu dùng,Thực phẩm & Đồ uống,VN000000LSS5,7990,Đang giao dịch
MBB,HOSE,Ngân hàng Thương mại Cổ phần Quân Đội,Military Commercial Joint Stock Bank,https://mbbank.com.vn,https://mbbank.com.vn/quan-he-nha-dau-tuMSBNg,Tài chính,Ngân hàng,VN000000MBB5,20200,Đang giao dịch
MCH,HOSE,Công ty cổ phần Hàng tiêu dùng Masan,Masan Consumer Corporation,https://masanconsumer.com,https://masanconsumer.com/quan-he-co-dong,Hàng tiêu dùng,Thực phẩm & Đồ uống,VN000000MCH0,142000,Đang giao dịch
MCM,HOSE,Công ty Cổ phần Giống bò sữa Mộc Châu,MocChau Dairy Cattle Breeding Joint Stock Company,https://mcmilk.com.vn,https://mcmilk.com.vn/quan-he-co-dong,Hàng tiêu dùng,Thực phẩm & Đồ uống,VN000000MCM0,26700,Đang giao dịch
MCP,HOSE,Công ty Cổ phần In và Bao bì Mỹ Châu,My Chau Printing and Packaging Corporation,http://mychau.com.vn,http://mychau.com.vn/quan-he-co-dong,Công nghiệp,Cơ khí & Chế tạo,VN000000MCP3,28200,Đang giao dịch
MDG,HOSE,Công ty Cổ phần Miền Đông,Mien Dong Joint Stock Company,http://miendong.com.vn,http://miendong.com.vn/quan-he-co-dong,Khác / Chưa phân loại,Chưa phân loại,VN000000MDG0,36000,Đang giao dịch
MHC,HOSE,Công ty Cổ phần MHC,MHC Joint Stock Company,https://mhc.vn,https://mhc.vn/quan-he-co-dong,Khác / Chưa phân loại,Chưa phân loại,VN000000MHC0,7840,Đang giao dịch
MIG,HOSE,Tổng Công ty Cổ phần Bảo hiểm Quân đội,Military Insurance Corporation,https://mic.vn,https://mic.vn/quan-he-co-dong,Tài chính,Bảo hiểm,VN000000MIG9,15950,Đang giao dịch
MSB,HOSE,Ngân hàng Thương mại Cổ phần Hàng Hải Việt Nam,Vietnam Maritime Commercial Joint Stock Bank,https://msb.com.vn,https://msb.com.vn/quan-he-nha-dau-tuOCBNg,Tài chính,Ngân hàng,VN000000MSB9,12900,Đang giao dịch
MSH,HOSE,Công ty Cổ phần May Sông Hồng,Song Hong Garment Joint Stock Company,http://songhong.vn,http://songhong.vn/quan-he-co-dong,Hàng tiêu dùng,Hàng cá nhân & May mặc,VN000000MSH6,30500,Đang giao dịch
MSN,HOSE,Công ty Cổ phần Tập đoàn MaSan,Masan Group Corporation,https://masangroup.com,https://masangroup.com/vi/investor-relations,Hàng tiêu dùng,Thực phẩm & Đồ uống,VN000000MSN4,68400,Đang giao dịch
MWG,HOSE,Công ty Cổ phần Đầu tư Thế Giới Di Động,Mobile World Investment Corporation,https://mwg.vn,https://mwg.vn/quan-he-co-dong,Dịch vụ tiêu dùng & Bán lẻ,Bán lẻ tổng hợp,VN000000MWG0,71600,Đang giao dịch
MZG,HOSE,Công ty Cổ phần Miza,MIZA CORPORATION,https://miza.vn,https://miza.vn/quan-he-co-dong,Khác / Chưa phân loại,Chưa phân loại,VN000000MZG3,12450,Đang giao dịch
NAB,HOSE,Ngân hàng Thương mại Cổ phần Nam Á,Nam A Commercial Joint Stock Bank,https://namabank.com.vn,https://namabank.com.vn/quan-he-co-dong,Tài chính,Ngân hàng,VN000000NAB5,11250,Đang giao dịch
NAF,HOSE,Công ty Cổ phần Nafoods Group,Nafoods Group Joint Stock Company,https://nafoods.com,https://nafoods.com/quan-he-co-dong,Khác / Chưa phân loại,Chưa phân loại,VN000000NAF6,48300,Đang giao dịch
NAV,HOSE,Công ty Cổ phần Nam Việt,Nam Viet Joint Stock Company,http://navifico.vn,http://navifico.vn/quan-he-co-dong,Khác / Chưa phân loại,Chưa phân loại,VN000000NAV3,13800,Đang giao dịch
NBB,HOSE,Công ty Cổ phần Đầu tư Năm Bảy Bảy,577 Investment Corporation,http://nbb.com.vn,http://nbb.com.vn/quan-he-co-dong,Khác / Chưa phân loại,Chưa phân loại,VN000000NBB3,17050,Đang giao dịch
NCT,HOSE,Công ty Cổ phần Dịch vụ Hàng hóa Nội Bài,Noibai Cargo Terminal Services Joint Stock Company,http://noibaicargo.com.vn,http://noibaicargo.com.vn/quan-he-co-dong,Công nghiệp,Vận tải & Logistics,VN000000NCT3,85500,Đang giao dịch
NHA,HOSE,Tổng Công ty Đầu tư Phát triển Nhà và Đô thị Nam Hà Nội,Ha Noi South Housing And Urban Development Corporation,https://namhanoi.com.vn,https://namhanoi.com.vn/quan-he-co-dong,Bất động sản,Bất động sản dân dụng,VN000000NHA2,7650,Đang giao dịch
NHH,HOSE,Công ty Cổ phần Nhựa Hà Nội,Hanoi Plastics Joint Stock Company,https://hanoiplastics.com.vn,https://hanoiplastics.com.vn/quan-he-co-dong,Công nghiệp,Cơ khí & Chế tạo,VN000000NHH7,9750,Đang giao dịch
NHT,HOSE,Công ty Cổ phần Sản xuất và Thương mại Nam Hoa,Nam Hoa Trading and Production Corporation,https://namhoatoys.vn,https://namhoatoys.vn/quan-he-co-dong,Dịch vụ tiêu dùng & Bán lẻ,Bán lẻ tổng hợp,VN000000NHT2,11350,Đang giao dịch
NKG,HOSE,Công ty Cổ phần Thép Nam Kim,Nam Kim Steel Joint Stock Company,https://namkimgroup.vn,https://namkimgroup.vn/quan-he-co-dong,Nguyên vật liệu,Thép & Kim loại,VN000000NKG3,10750,Đang giao dịch
NLG,HOSE,Công ty Cổ phần Đầu tư Nam Long,Nam Long Investment Corporation,https://namlongvn.com,https://namlongvn.com/quan-he-co-dong,Bất động sản,Bất động sản dân dụng,VN000000NLG1,25250,Đang giao dịch
NNC,HOSE,Công ty Cổ phần Đá Núi Nhỏ,Nui Nho Stone Co-Operation,http://nuinho.vn,http://nuinho.vn/quan-he-co-dong,Công nghiệp,Xây dựng & Vật liệu,VN000000NNC6,40400,Đang giao dịch
NO1,HOSE,Công ty Cổ phần Tập đoàn 911,911 Group Joint Stock Company,https://911group.com.vn,https://911group.com.vn/quan-he-co-dong,Khác / Chưa phân loại,Chưa phân loại,VN000000NO19,4110,Đang giao dịch
NSC,HOSE,Công ty Cổ phần Tập đoàn Giống cây trồng Việt Nam,Vietnam National Seed Group Joint Stock Company,https://vinaseed.com.vn,https://vinaseed.com.vn/quan-he-co-dong,Khác / Chưa phân loại,Chưa phân loại,VN000000NSC5,65500,Đang giao dịch
NT2,HOSE,Công ty Cổ phần Điện lực Dầu khí Nhơn Trạch 2,PetroVietnam Power Nhon Trach 2 Joint Stock Company,https://pvpnt2.vn,https://pvpnt2.vn/quan-he-co-dong,Tiện ích cộng đồng,Sản xuất & Phân phối Điện,VN000000NT22,20650,Đang giao dịch
NTC,HOSE,Công ty cổ phần Khu Công nghiệp Nam Tân Uyên,Nam Tan Uyen Joint Stock Corporation,http://namtanuyen.com.vn,http://namtanuyen.com.vn/quan-he-co-dong,Bất động sản,Bất động sản khu công nghiệp,VN000000NTC3,128500,Đang giao dịch
NTL,HOSE,Công ty Cổ phần Phát triển Đô thị Từ Liêm,Tu Liem Urban Development Joint Stock Company,http://lideco.vn,http://lideco.vn/quan-he-co-dong,Bất động sản,Bất động sản dân dụng,VN000000NTL4,12350,Đang giao dịch
NVL,HOSE,Công ty Cổ phần Tập đoàn Đầu tư Địa ốc No Va,No Va Land Investment Group Corporation,https://novaland.com.vn,https://novaland.com.vn/quan-he-co-dong,Bất động sản,Bất động sản dân dụng,VN000000NVL0,13000,Đang giao dịch
NVT,HOSE,Công ty Cổ phần Bất động sản Du lịch Ninh Vân Bay,Ninh Van Bay Travel Real Estate Joint Stock Company,http://ninhvanbay.vn,http://ninhvanbay.vn/quan-he-co-dong,Bất động sản,Bất động sản dân dụng,VN000000NVT3,7980,Đang giao dịch
OCB,HOSE,Ngân hàng Thương mại Cổ phần Phương Đông,Orient Commercial Joint Stock Bank,https://ocb.com.vn,https://ocb.com.vn/quan-he-nha-dau-tuSHBNg,Tài chính,Ngân hàng,VN000000OCB9,10150,Đang giao dịch
OGC,HOSE,Công ty Cổ phần Tập đoàn Đại Dương,Ocean Group Joint Stock Company,https://oceangroup.vn,https://oceangroup.vn/quan-he-co-dong,Khác / Chưa phân loại,Chưa phân loại,VN000000OGC8,2130,Đang giao dịch
OPC,HOSE,Công ty Cổ phần Dược phẩm OPC,OPC Pharmaceutical Joint Stock Company,https://opcpharma.com,https://opcpharma.com/quan-he-co-dong,Y tế & Chăm sóc sức khỏe,Dược phẩm,VN000000OPC9,20050,Đang giao dịch
ORS,HOSE,Công ty Cổ phần Chứng khoán Tiên Phong,Tien Phong Securities Corporation,https://tps.vn,https://tps.vn/quan-he-co-dong,Tài chính,Dịch vụ Tài chính / Chứng khoán,VN000000ORS1,13550,Đang giao dịch
PAC,HOSE,Công ty Cổ phần Pin Ắc quy miền Nam,Dry Cell and Storage Battery Joint Stock Company,https://pinaco.com,https://pinaco.com/quan-he-co-dong,Nguyên vật liệu,Hóa chất & Phân bón,VN000000PAC8,14700,Đang giao dịch
PAN,HOSE,Công ty Cổ phần Tập đoàn PAN,The PAN Group Joint Stock Company,https://thepangroup.vn,https://thepangroup.vn/quan-he-co-dong,Hàng tiêu dùng,Thực phẩm & Đồ uống,VN000000PAN5,18650,Đang giao dịch
PC1,HOSE,Công ty Cổ phần Tập đoàn PC1,PC1 Group Joint Stock Company,https://pc1group.vn,https://pc1group.vn/quan-he-co-dong,Công nghiệp,Xây dựng & Vật liệu,VN000000PC11,20700,Đang giao dịch
PDN,HOSE,Công ty Cổ phần Cảng Đồng Nai,Dong Nai Port Joint Stock Company,http://dongnai-port.com,http://dongnai-port.com/quan-he-co-dong,Công nghiệp,Vận tải & Logistics,VN000000PDN9,85800,Đang giao dịch
PDR,HOSE,Công ty Cổ phần Phát triển Bất động sản Phát Đạt,Phat Dat Real Estate Development Corp,https://phatdat.com.vn,https://phatdat.com.vn/quan-he-co-dong,Bất động sản,Bất động sản dân dụng,VN000000PDR0,12000,Đang giao dịch
PDV,HOSE,Công ty Cổ phần Vận tải và Tiếp vận Phương Đông Việt,Phuong Dong Viet Shipping and Logistics Corporation,https://pvtlogistics.vn,https://pvtlogistics.vn/quan-he-co-dong,Công nghiệp,Vận tải & Logistics,VN000000PDV2,8320,Đang giao dịch
PET,HOSE,Tổng Công ty Cổ phần Dịch vụ Tổng hợp Dầu khí,Petrovietnam General Services Corporation,https://petrosetco.com.vn,https://petrosetco.com.vn/quan-he-co-dong,Dịch vụ tiêu dùng & Bán lẻ,Bán lẻ tổng hợp,VN000000PET4,37950,Đang giao dịch
PGC,HOSE,Tổng Công ty Gas Petrolimex - Công ty Cổ phần,Petrolimex Gas Corporation - JSC,https://pgas.petrolimex.com.vn,https://pgas.petrolimex.com.vn/quan-he-co-dong,Dầu khí & Năng lượng,Thăm dò & Khai thác Dầu khí,VN000000PGC5,13800,Đang giao dịch
PGD,HOSE,Công ty Cổ phần Phân phối Khí thấp áp Dầu khí Việt Nam,Petro Viet Nam Low Pressure GAS Distribution Joint Stock Company,https://pvgasd.com.vn,https://pvgasd.com.vn/quan-he-co-dong,Dầu khí & Năng lượng,Thăm dò & Khai thác Dầu khí,VN000000PGD3,21800,Đang giao dịch
PGI,HOSE,Tổng Công ty Cổ phần Bảo hiểm Petrolimex,Petrolimex Insurance Corporation,https://pjico.com.vn,https://pjico.com.vn/quan-he-co-dong,Tài chính,Bảo hiểm,VN000000PGI2,23000,Đang giao dịch
PGV,HOSE,Tổng Công ty Phát điện 3 - Công ty Cổ phần,Power Generation Joint Stock Company,https://genco3.com,https://genco3.com/quan-he-co-dong,Tiện ích cộng đồng,Sản xuất & Phân phối Điện,VN000000PGV5,21350,Đang giao dịch
PHC,HOSE,Công ty Cổ phần Xây dựng Phục Hưng Holdings,Phuc Hung Holdings Construction Joint Stock Company,http://phuchung.com.vn,http://phuchung.com.vn/quan-he-co-dong,Công nghiệp,Xây dựng & Vật liệu,VN000000PHC3,3980,Đang giao dịch
PHR,HOSE,Công ty Cổ phần Cao su Phước Hòa,Phuoc Hoa Rubber Joint Stock Company,https://phr.vn,https://phr.vn/quan-he-co-dong,Nguyên vật liệu,Hóa chất & Phân bón,VN000000PHR1,61400,Đang giao dịch
PIT,HOSE,Công ty Cổ phần Xuất nhập khẩu Petrolimex,Petrolimex International Trading Joint Stock Company,http://pitco.com.vn,http://pitco.com.vn/quan-he-co-dong,Khác / Chưa phân loại,Chưa phân loại,VN000000PIT5,8800,Đang giao dịch
PJT,HOSE,Công ty Cổ phần Vận tải Xăng dầu Đường thủy Petrolimex,Petrolimex Joint Stock Tanker Company,https://pjtaco.petrolimex.com.vn,https://pjtaco.petrolimex.com.vn/quan-he-co-dong,Hàng tiêu dùng,Thực phẩm & Đồ uống,VN000000PJT3,9190,Đang giao dịch
PLP,HOSE,Công ty Cổ phần Sản xuất và Công nghệ Nhựa Pha Lê,Pha Le Plastics Manufacturing and Technology Joint Stock Company,https://phaleplastics.com.vn,https://phaleplastics.com.vn/quan-he-co-dong,Công nghệ Thông tin,Phần mềm & Dịch vụ CNTT,VN000000PLP7,4610,Đang giao dịch
PLX,HOSE,Tập đoàn Xăng dầu Việt Nam,Viet Nam National Petroleum Group,https://petrolimex.com.vn,https://petrolimex.com.vn/quan-he-co-dong,Dầu khí & Năng lượng,Thăm dò & Khai thác Dầu khí,VN000000PLX1,35800,Đang giao dịch
PMG,HOSE,Công ty Cổ phần Đầu tư và Sản xuất Petro Miền Trung,Petro Center Corporation,http://petrocenter.com.vn,http://petrocenter.com.vn/quan-he-co-dong,Khác / Chưa phân loại,Chưa phân loại,VN000000PMG4,6500,Đang giao dịch
PNC,HOSE,Công ty Cổ phần Văn hóa Phương Nam,Phuong Nam Cultural Joint Stock Corporation,https://pnc.com.vn,https://pnc.com.vn/quan-he-co-dong,Khác / Chưa phân loại,Chưa phân loại,VN000000PNC1,25900,Đang giao dịch
PNJ,HOSE,Công ty Cổ phần Vàng bạc Đá quý Phú Nhuận,Phu Nhuan Jewelry Joint Stock Company,https://pnj.com.vn,https://pnj.com.vn/quan-he-co-dong,Hàng tiêu dùng,Hàng cá nhân & May mặc,VN000000PNJ6,37950,Đang giao dịch
POW,HOSE,Tổng Công ty Điện lực Dầu khí Việt Nam - CTCP,PetroVietnam Power Corporation,https://pvpower.vn,https://pvpower.vn/quan-he-co-dong,Tiện ích cộng đồng,Sản xuất & Phân phối Điện,VN000000POW7,12900,Đang giao dịch
PPC,HOSE,Công ty Cổ phần Nhiệt điện Phả Lại,Pha Lai Thermal Power Joint Stock Company,http://ppc.evn.vn,http://ppc.evn.vn/quan-he-co-dong,Tiện ích cộng đồng,Sản xuất & Phân phối Điện,VN000000PPC6,8860,Đang giao dịch
PTB,HOSE,Công ty Cổ phần Phú Tài,Phu Tai Joint Stock Company,https://phutai.com.vn,https://phutai.com.vn/quan-he-co-dong,Khác / Chưa phân loại,Chưa phân loại,VN000000PTB0,31000,Đang giao dịch
PTC,HOSE,Công ty Cổ phần Đầu tư iCapital,iCapital Investment Joint Stock Company,https://ptic.vn,https://ptic.vn/quan-he-co-dong,Khác / Chưa phân loại,Chưa phân loại,VN000000PTC8,5690,Đang giao dịch
PTL,HOSE,Công ty Cổ phần Victory Group,Victory Group Joint Stock Company,https://victorygroup.vn,https://victorygroup.vn/quan-he-co-dong,Khác / Chưa phân loại,Chưa phân loại,VN000000PTL9,1750,Đang giao dịch
PVD,HOSE,Tổng Công ty Cổ phần Khoan và Dịch vụ Khoan Dầu khí,PetroVietNam Drilling & Well Service Corporation,https://pvdrilling.com.vn,https://pvdrilling.com.vn/quan-he-co-dong,Dầu khí & Năng lượng,Thăm dò & Khai thác Dầu khí,VN000000PVD2,18650,Đang giao dịch
PVP,HOSE,Công ty Cổ phần Vận tải Dầu khí Thái Bình Dương,Pacific Petroleum Transportation Joint Stock Company,https://pacificshipping.vn,https://pacificshipping.vn/quan-he-co-dong,Dầu khí & Năng lượng,Thăm dò & Khai thác Dầu khí,VN000000PVP6,19000,Đang giao dịch
PVT,HOSE,Tổng Công ty Cổ phần Vận tải Dầu khí,PetroVietNam Transportation Corporation,https://pvtrans.com,https://pvtrans.com/quan-he-co-dong,Công nghiệp,Vận tải & Logistics,VN000000PVT8,21000,Đang giao dịch
QCG,HOSE,Công ty Cổ phần Quốc Cường Gia Lai,Quoc Cuong Gia Lai Joint Stock Company,http://quoccuonggialai.com.vn,http://quoccuonggialai.com.vn/quan-he-co-dong,Bất động sản,Bất động sản dân dụng,VN000000QCG3,10850,Đang giao dịch
QNP,HOSE,Công ty Cổ phần Cảng Quy Nhơn,Quy Nhon Port Joint Stock Company,https://quynhonport.vn,https://quynhonport.vn/quan-he-co-dong,Công nghiệp,Vận tải & Logistics,VN000000QNP1,31400,Đang giao dịch
RAL,HOSE,Công ty Cổ phần Bóng đèn Phích nước Rạng Đông,Rangdong Light Source and Vacuum Flask Joint Stock Company,https://rangdong.com.vn,https://rangdong.com.vn/quan-he-co-dong,Tiện ích cộng đồng,Nước & Xử lý chất thải,VN000000RAL5,75000,Đang giao dịch
REE,HOSE,Công ty Cổ phần Cơ Điện Lạnh,Refrigeration Electrical Engineering Corporation,https://ree.com.vn,https://ree.com.vn/quan-he-co-dong,Tiện ích cộng đồng,Sản xuất & Phân phối Điện,VN000000REE2,45400,Đang giao dịch
RYG,HOSE,Công ty Cổ phần Sản xuất và Đầu tư Hoàng Gia,Royal Manufacture and Investment Joint Stock Company,https://royaltiles.vn,https://royaltiles.vn/quan-he-co-dong,Khác / Chưa phân loại,Chưa phân loại,VN000000RYG5,8480,Đang giao dịch
S4A,HOSE,Công ty Cổ phần Thủy điện Sê San 4A,Sesan 4A Hydropower Joint Stock Company,http://sesan4a.com.vn,http://sesan4a.com.vn/quan-he-co-dong,Tiện ích cộng đồng,Sản xuất & Phân phối Điện,VN000000S4A5,32600,Đang giao dịch
SAB,HOSE,Tổng Công ty Cổ phần Bia – Rượu – Nước giải khát Sài Gòn,Saigon Beer - Alcohol - Beverage Corporation,https://sabeco.com.vn,https://sabeco.com.vn/quan-he-co-dong,Hàng tiêu dùng,Thực phẩm & Đồ uống,VN000000SAB4,44650,Đang giao dịch
SAM,HOSE,Công ty Cổ phần SAM Holdings,SAM Holdings Corporation,http://samholdings.com.vn,http://samholdings.com.vn/quan-he-co-dong,Công nghệ Thông tin,Phần mềm & Dịch vụ CNTT,VN000000SAM1,6080,Đang giao dịch
SAV,HOSE,Công ty Cổ phần Hợp tác Kinh tế và Xuất nhập khẩu Savimex,Savimex Corporation,http://savimex.com,http://savimex.com/quan-he-co-dong,Khác / Chưa phân loại,Chưa phân loại,VN000000SAV2,12400,Đang giao dịch
SBA,HOSE,Công ty Cổ phần Sông Ba,Song Ba Joint Stock Company,http://songba.vn,http://songba.vn/quan-he-co-dong,Tiện ích cộng đồng,Sản xuất & Phân phối Điện,VN000000SBA4,24850,Đang giao dịch
SBG,HOSE,Công ty Cổ phần Tập đoàn Cơ khí Công nghệ cao Siba,Siba High-Tech Mechanical Group Joint Stock Company,https://siba.com.vn,https://siba.com.vn/quan-he-co-dong,Công nghệ Thông tin,Phần mềm & Dịch vụ CNTT,VN000000SBG1,13750,Đang giao dịch
SBT,HOSE,Công ty Cổ phần Thành Thành Công - Biên Hòa,Thanh Thanh Cong - Bien Hoa Joint Stock Company,https://ttcsugar.com.vn,https://ttcsugar.com.vn/quan-he-co-dong,Hàng tiêu dùng,Thực phẩm & Đồ uống,VN000000SBT4,23000,Đang giao dịch
SBV,HOSE,Công ty Cổ phần Siam Brothers Việt Nam,Siam Brothers Vietnam Joint Stock Company,https://siambrothersvn.com,https://siambrothersvn.com/quan-he-co-dong,Khác / Chưa phân loại,Chưa phân loại,VN000000SBV0,6080,Đang giao dịch
SC5,HOSE,Công ty Cổ phần Xây dựng Số 5,Construction Joint Stock Company No.5,http://sc5.vn,http://sc5.vn/quan-he-co-dong,Công nghiệp,Xây dựng & Vật liệu,VN000000SC59,16650,Đang giao dịch
SCR,HOSE,Công ty Cổ phần Địa ốc Sài Gòn Thương Tín,Sai Gon Thuong Tin Real Estate Joint Stock Company,https://ttcland.vn,https://ttcland.vn/quan-he-co-dong,Bất động sản,Bất động sản dân dụng,VN000000SCR6,4450,Đang giao dịch
SCS,HOSE,Công ty Cổ phần Dịch vụ Hàng hóa Sài Gòn,Sai Gon Cargo Service Corporation,https://scsc.vn,https://scsc.vn/quan-he-co-dong,Khác / Chưa phân loại,Chưa phân loại,VN000000SCS4,43200,Đang giao dịch
SFC,HOSE,Công ty Cổ phần Nhiên liệu Sài Gòn,Sai Gon Fuel Joint Stock Company,http://sfc.com.vn,http://sfc.com.vn/quan-he-co-dong,Khác / Chưa phân loại,Chưa phân loại,VN000000SFC1,16500,Đang giao dịch
SFG,HOSE,Công ty Cổ phần Phân bón Miền Nam,The Southern Fertilizer Joint Stock Company,https://phanbonmiennam.com.vn,https://phanbonmiennam.com.vn/quan-he-co-dong,Nguyên vật liệu,Hóa chất & Phân bón,VN000000SFG2,10750,Đang giao dịch
SFI,HOSE,Công ty Cổ phần Đại lý Vận tải SAFI,Sea & Air Freight International,http://safi.com.vn,http://safi.com.vn/quan-he-co-dong,Công nghiệp,Vận tải & Logistics,VN000000SFI8,27400,Đang giao dịch
SGN,HOSE,Công ty Cổ phần Phục vụ Mặt đất Sài Gòn,Sai Gon Ground Services Joint Stock Company,https://sags.vn,https://sags.vn/quan-he-co-dong,Khác / Chưa phân loại,Chưa phân loại,VN000000SGN6,53100,Đang giao dịch
SGR,HOSE,Công ty Cổ phần Tổng Công ty Cổ phần Địa ốc Sài Gòn,Saigon Real Estate Group Joint Stock Company,https://saigonres.com.vn,https://saigonres.com.vn/quan-he-co-dong,Bất động sản,Bất động sản dân dụng,VN000000SGR7,9900,Đang giao dịch
SGT,HOSE,Công ty Cổ phần Công nghệ Viễn thông Sài Gòn,Sai Gon Telecommunication & Technologies Corporation,http://saigontel.vn,http://saigontel.vn/quan-he-co-dong,Công nghệ Thông tin,Phần mềm & Dịch vụ CNTT,VN000000SGT3,9500,Đang giao dịch
SHA,HOSE,Công ty Cổ phần Sơn Hà Sài Gòn,Son Ha Sai Gon Joint Stock Company,https://sonhasg.com.vn,https://sonhasg.com.vn/quan-he-co-dong,Khác / Chưa phân loại,Chưa phân loại,VN000000SHA1,3850,Đang giao dịch
SHB,HOSE,Ngân hàng Thương mại Cổ phần Sài Gòn – Hà Nội,Sai Gon - Ha Noi Commercial Joint Stock Bank,https://shb.com.vn,https://shb.com.vn/quan-he-co-dongSSBNg,Tài chính,Ngân hàng,VN000000SHB9,11750,Đang giao dịch
SHI,HOSE,Công ty Cổ phần Quốc tế Sơn Hà,Son Ha International Corporation,https://sonha.com.vn,https://sonha.com.vn/quan-he-co-dong,Khác / Chưa phân loại,Chưa phân loại,VN000000SHI4,14600,Đang giao dịch
SHP,HOSE,Công ty Cổ phần Thủy điện Miền Nam,Southern Hydropower Joint Stock Company,https://shp.vn,https://shp.vn/quan-he-co-dong,Tiện ích cộng đồng,Sản xuất & Phân phối Điện,VN000000SHP9,31000,Đang giao dịch
SIP,HOSE,Công ty Cổ phần Đầu tư Sài Gòn VRG,Sai Gon VRG Investment Corporation,https://saigonvrg.com.vn,https://saigonvrg.com.vn/quan-he-co-dong,Bất động sản,Bất động sản khu công nghiệp,VN000000SIP7,49000,Đang giao dịch
SJD,HOSE,Công ty Cổ phần Thủy điện Cần Đơn,Can Don Hydro Power Joint Stock Company,http://candon.com.vn,http://candon.com.vn/quan-he-co-dong,Tiện ích cộng đồng,Sản xuất & Phân phối Điện,VN000000SJD1,13900,Đang giao dịch
SJS,HOSE,Công ty Cổ phần SJ Group,SJ Group Joint Stock Company,https://sjgroups.com.vn,https://sjgroups.com.vn/quan-he-co-dong,Khác / Chưa phân loại,Chưa phân loại,VN000000SJS9,56800,Đang giao dịch
SKG,HOSE,Công ty Cổ phần Tàu cao tốc Superdong – Kiên Giang,Superdong Fast Ferry Kien Giang Joint Stock Company,http://superdong.com.vn,http://superdong.com.vn/quan-he-co-dong,Khác / Chưa phân loại,Chưa phân loại,VN000000SKG2,7600,Đang giao dịch
SMA,HOSE,Công ty Cổ phần Thiết bị Phụ tùng Sài Gòn,Saigon Machinery Spare Parts Joint Stock Company,https://thuydiendakglun.vcpholdings.com.vn,https://thuydiendakglun.vcpholdings.com.vn/quan-he-co-dong,Khác / Chưa phân loại,Chưa phân loại,VN000000SMA1,6660,Đang giao dịch
SMB,HOSE,Công ty Cổ phần Bia Sài Gòn - Miền Trung,Sai Gon - Mien Trung Beer Joint Stock Company,https://biasaigonmt.com,https://biasaigonmt.com/quan-he-co-dong,Hàng tiêu dùng,Thực phẩm & Đồ uống,VN000000SMB9,40850,Đang giao dịch
SMC,HOSE,Công ty Cổ phần Đầu tư Thương mại SMC,SMC Trading Investment Joint Stock Company,https://smc.vn,https://smc.vn/quan-he-co-dong,Nguyên vật liệu,Thép & Kim loại,VN000000SMC7,10200,Đang giao dịch
SPM,HOSE,Công ty Cổ phần S.P.M,S.P.M Corporation,https://spm.com.vn,https://spm.com.vn/quan-he-co-dong,Khác / Chưa phân loại,Chưa phân loại,VN000000SPM9,8800,Đang giao dịch
SRC,HOSE,Công ty Cổ phần Cao su Sao Vàng,Sao Vang Rubber Joint Stock Company,https://casumina.com,https://casumina.com/quan-he-co-dong,Nguyên vật liệu,Hóa chất & Phân bón,VN000000SRC6,38750,Đang giao dịch
SRF,HOSE,Công ty Cổ phần SEAREFICO,SEAREFICO Corporation,https://searefico.com,https://searefico.com/quan-he-co-dong,Khác / Chưa phân loại,Chưa phân loại,VN000000SRF9,7260,Đang giao dịch
SSB,HOSE,Ngân hàng Thương mại Cổ phần Đông Nam Á,Southeast Asia Commercial Joint Stock Bank,https://seabank.com.vn,https://seabank.com.vn/quan-he-co-dong,Tài chính,Ngân hàng,VN000000SSB6,17700,Đang giao dịch
SSC,HOSE,Công ty Cổ phần Giống Cây trồng Miền Nam,Southern Seed Corporation,http://ssc.com.vn,http://ssc.com.vn/quan-he-co-dong,Khác / Chưa phân loại,Chưa phân loại,VN000000SSC4,22700,Đang giao dịch
SSI,HOSE,Công ty Cổ phần Chứng khoán SSI,SSI Securities Corporation,https://ssi.com.vn,https://ssi.com.vn/quan-he-nha-dau-tuSTBNg,Tài chính,Dịch vụ Tài chính / Chứng khoán,VN000000SSI1,20900,Đang giao dịch
ST8,HOSE,Công ty Cổ phần Tập đoàn ST8,ST8 Holdings Joint Stock Company,https://st8.vn,https://st8.vn/quan-he-co-dong,Dịch vụ tiêu dùng & Bán lẻ,Bán lẻ tổng hợp,VN000000ST84,2040,Đang giao dịch
STB,HOSE,Ngân hàng thương mại cổ phần Sài Gòn Tài Lộc,Saigon Treasure Commercial Joint Stock Bank,https://sacombank.com.vn,https://sacombank.com.vn/quan-he-nha-dau-tuTCBNg,Tài chính,Ngân hàng,VN000000STB4,76700,Đang giao dịch
STG,HOSE,Công ty Cổ phần Kho vận Miền Nam,South Logistics Joint Stock Company,https://sotrans.com.vn,https://sotrans.com.vn/quan-he-co-dong,Khác / Chưa phân loại,Chưa phân loại,VN000000STG3,30050,Đang giao dịch
STK,HOSE,Công ty Cổ phần Sợi Thế Kỷ,Century Synthetic Fiber Corporation,https://theky.vn,https://theky.vn/quan-he-co-dong,Hàng tiêu dùng,Hàng cá nhân & May mặc,VN000000STK5,7700,Đang giao dịch
SVC,HOSE,Công ty Cổ phần Dịch vụ Tổng hợp Sài Gòn,Saigon General Service Corporation,https://savico.com.vn,https://savico.com.vn/quan-he-co-dong,Dịch vụ tiêu dùng & Bán lẻ,Bán lẻ tổng hợp,VN000000SVC8,16350,Đang giao dịch
SVD,HOSE,Công ty Cổ phần Đầu tư & Thương mại Vũ Đăng,Vu Dang Investment & Trading Joint Stock Company,https://vudang.vn,https://vudang.vn/quan-he-co-dong,Dịch vụ tiêu dùng & Bán lẻ,Bán lẻ tổng hợp,VN000000SVD6,4380,Đang giao dịch
SVT,HOSE,Công ty Cổ phần Công nghệ Sài Gòn Viễn Đông,Sai Gon Vien Dong Technology Joint Stock Company,http://savitechco.com.vn,http://savitechco.com.vn/quan-he-co-dong,Công nghệ Thông tin,Phần mềm & Dịch vụ CNTT,VN000000SVT2,9400,Đang giao dịch
SZC,HOSE,Công ty Cổ phần Sonadezi Châu Đức,Sonadezi Chau Duc Shareholding Company,https://sonadezichauduc.com.vn,https://sonadezichauduc.com.vn/quan-he-co-dong,Bất động sản,Bất động sản khu công nghiệp,VN000000SZC9,19600,Đang giao dịch
SZL,HOSE,Công ty Cổ phần Sonadezi Long Thành,Sonadezi Long Thanh Shareholding Company,http://szl.com.vn,http://szl.com.vn/quan-he-co-dong,Khác / Chưa phân loại,Chưa phân loại,VN000000SZL0,51300,Đang giao dịch
TAL,HOSE,Công ty cổ phần Đầu tư Bất động sản Taseco,Taseco Land Investment Joint Stock Company,https://tasecoland.vn,https://tasecoland.vn/quan-he-co-dong,Bất động sản,Bất động sản dân dụng,VN000000TAL1,23300,Đang giao dịch
TBC,HOSE,Công ty Cổ phần Thủy điện Thác Bà,Thac Ba Hydropower Joint Stock Company,https://thacba.vn,https://thacba.vn/quan-he-co-dong,Tiện ích cộng đồng,Sản xuất & Phân phối Điện,VN000000TBC8,32000,Đang giao dịch
TCB,HOSE,Ngân hàng Thương mại Cổ phần Kỹ Thương Việt Nam,Vietnam Technological and Commercial Joint Stock Bank,https://techcombank.com,https://techcombank.com/ve-chung-toi/nha-dau-tuTPBNg,Tài chính,Ngân hàng,VN000000TCB8,32400,Đang giao dịch
TCH,HOSE,Công ty Cổ phần Đầu tư Dịch vụ Tài chính Hoàng Huy,Hoang Huy Investment Financial Services Joint Stock Company,https://hoanghuy.vn,https://hoanghuy.vn/quan-he-co-dong,Bất động sản,Bất động sản dân dụng,VN000000TCH5,12200,Đang giao dịch
TCI,HOSE,Công ty Cổ phần Chứng khoán Thành Công,ThanhCong Securities Company,https://tcsc.vn,https://tcsc.vn/quan-he-co-dong,Tài chính,Dịch vụ Tài chính / Chứng khoán,VN000000TCI3,9750,Đang giao dịch
TCL,HOSE,Công ty Cổ phần Đại lý Giao nhận Vận tải Xếp dỡ Tân Cảng,Tan Cang Logistics and Stevedoring Joint Stock Company,http://tancanglogistics.com,http://tancanglogistics.com/quan-he-co-dong,Công nghiệp,Vận tải & Logistics,VN000000TCL7,29100,Đang giao dịch
TCM,HOSE,Công ty Cổ phần Dệt may - Đầu tư - Thương mại Thành Công,Thanh Cong Textile Garment Investment Trading Joint Stock Company,https://thanhcong.com.vn,https://thanhcong.com.vn/quan-he-co-dong,Hàng tiêu dùng,Hàng cá nhân & May mặc,VN000000TCM5,16850,Đang giao dịch
TCO,HOSE,CÔNG TY CỔ PHẦN JANUS GROUP,Janus Group Joint Stock Company,https://janusgroup.vn,https://janusgroup.vn/quan-he-co-dong,Khác / Chưa phân loại,Chưa phân loại,VN000000TCO1,10800,Đang giao dịch
TCR,HOSE,Công ty Cổ phần Công nghiệp Gốm sứ TAICERA,Taicera Enterprise Company,http://taicera.com,http://taicera.com/quan-he-co-dong,Khác / Chưa phân loại,Chưa phân loại,VN000000TCR4,2100,Đang giao dịch
TCT,HOSE,Công ty Cổ phần Cáp treo Núi Bà Tây Ninh,Tay Ninh Cable Car Tour Company,http://catour.com.vn,http://catour.com.vn/quan-he-co-dong,Khác / Chưa phân loại,Chưa phân loại,VN000000TCT0,17650,Đang giao dịch
TCX,HOSE,Công ty cổ phần Chứng khoán Kỹ Thương,Techcom Securities Joint Stock Company,https://tcbs.com.vn,https://tcbs.com.vn/quan-he-co-dong,Tài chính,Dịch vụ Tài chính / Chứng khoán,VN000000TCX2,40000,Đang giao dịch
TDC,HOSE,Công ty Cổ phần Kinh doanh và Phát triển Bình Dương,Binh Duong Trade and Development Joint Stock Company,https://becamextdc.com.vn,https://becamextdc.com.vn/quan-he-co-dong,Khác / Chưa phân loại,Chưa phân loại,VN000000TDC4,7140,Đang giao dịch
TDG,HOSE,Công ty Cổ phần Đầu tư TDG GLOBAL,TDG GLOBAL Investment Joint Stock Company,https://thaiduongpetrol.vn,https://thaiduongpetrol.vn/quan-he-co-dong,Khác / Chưa phân loại,Chưa phân loại,VN000000TDG5,2300,Đang giao dịch
TDH,HOSE,Công ty Cổ phần Phát triển Nhà Thủ Đức,Thu Duc Housing Development Corporation,http://thuduchouse.com,http://thuduchouse.com/quan-he-co-dong,Bất động sản,Bất động sản dân dụng,VN000000TDH3,3200,Đang giao dịch
TDM,HOSE,Công ty Cổ phần Nước Thủ Dầu Một,Thu Dau Mot Water Joint Stock Company,https://tdmwater.vn,https://tdmwater.vn/quan-he-co-dong,Tiện ích cộng đồng,Sản xuất & Phân phối Điện,VN000000TDM3,58100,Đang giao dịch
TDP,HOSE,Công ty Cổ phần Thuận Đức,Thuan Duc Joint Stock Company,https://thuanducjsc.vn,https://thuanducjsc.vn/quan-he-co-dong,Khác / Chưa phân loại,Chưa phân loại,VN000000TDP6,32900,Đang giao dịch
TDW,HOSE,Công ty Cổ phần Cấp nước Thủ Đức,Thu Duc Water Supply Joint Stock Company,http://capnuocthuduc.vn,http://capnuocthuduc.vn/quan-he-co-dong,Tiện ích cộng đồng,Sản xuất & Phân phối Điện,VN000000TDW2,47500,Đang giao dịch
TEG,HOSE,Công ty Cổ phần Trường Thành Energy Group,Truong Thanh Energy Group Joint Stock Company,https://tteg.vn,https://tteg.vn/quan-he-co-dong,Khác / Chưa phân loại,Chưa phân loại,VN000000TEG3,5850,Đang giao dịch
THG,HOSE,Công ty Cổ phần Đầu tư và Xây dựng Tiền Giang,Tien Giang Investment and Construction Joint Stock Company,https://ticco.com.vn,https://ticco.com.vn/quan-he-co-dong,Công nghiệp,Xây dựng & Vật liệu,VN000000THG6,28950,Đang giao dịch
TIP,HOSE,Công ty Cổ phần Phát triển Khu Công nghiệp Tín Nghĩa,Tin Nghia Industrial Park Development Joint Stock Company,https://tinnghiaip.com.vn,https://tinnghiaip.com.vn/quan-he-co-dong,Bất động sản,Bất động sản khu công nghiệp,VN000000TIP5,16250,Đang giao dịch
TIX,HOSE,Công ty Cổ phần Sản xuất Kinh doanh XNK Dịch vụ và Đầu tư Tân Bình,Tan Binh Import - Export Joint Stock Corporation,https://tanimex.com.vn,https://tanimex.com.vn/quan-he-co-dong,Khác / Chưa phân loại,Chưa phân loại,VN000000TIX9,39000,Đang giao dịch
TLD,HOSE,Công ty Cổ phần Đầu tư Xây dựng và Phát triển Đô thị Thăng Long,Thang Long Urban Development and Construction Investment Joint Stock Company,http://thanglongdeco.com,http://thanglongdeco.com/quan-he-co-dong,Bất động sản,Bất động sản dân dụng,VN000000TLD5,8250,Đang giao dịch
TLG,HOSE,Công ty Cổ phần Tập đoàn Thiên Long,Thien Long Group Corporation,https://thienlonggroup.com,https://thienlonggroup.com/quan-he-co-dong,Khác / Chưa phân loại,Chưa phân loại,VN000000TLG8,50400,Đang giao dịch
TLH,HOSE,Công ty Cổ phần Tập đoàn Thép Tiến Lên,Tien Len Steel Corporation Joint Stock Company,https://tienlensteel.com.vn,https://tienlensteel.com.vn/quan-he-co-dong,Nguyên vật liệu,Thép & Kim loại,VN000000TLH6,3730,Đang giao dịch
TMP,HOSE,Công ty Cổ phần Thủy điện Thác Mơ,Thac Mo Hydro Power Joint Stock Company,https://tmhpp.com.vn,https://tmhpp.com.vn/quan-he-co-dong,Tiện ích cộng đồng,Sản xuất & Phân phối Điện,VN000000TMP7,52900,Đang giao dịch
TMS,HOSE,Công ty Cổ phần Transimex,Transimex Corporation,https://transimex.com.vn,https://transimex.com.vn/quan-he-co-dong,Công nghiệp,Vận tải & Logistics,VN000000TMS1,35900,Đang giao dịch
TMT,HOSE,Công ty Cổ phần Ô tô TMT,TMT Motors Corporation,http://tmt-vietnam.com.vn,http://tmt-vietnam.com.vn/quan-he-co-dong,Khác / Chưa phân loại,Chưa phân loại,VN000000TMT9,10700,Đang giao dịch
TN1,HOSE,Công ty Cổ phần ROX Key Holdings,ROX Key Holdings Joint Stock Company,https://roxkey.vn,https://roxkey.vn/quan-he-co-dong,Khác / Chưa phân loại,Chưa phân loại,VN000000TN14,12600,Đang giao dịch
TNC,HOSE,Công ty Cổ phần Cao su Thống Nhất,Thong Nhat Rubber Joint Stock Company,http://trc.com.vn,http://trc.com.vn/quan-he-co-dong,Nguyên vật liệu,Hóa chất & Phân bón,VN000000TNC3,26050,Đang giao dịch
TNH,HOSE,Công ty Cổ phần Tập đoàn Bệnh viện TNH,TNH Hospital Group Joint Stock Company,https://tnh.com.vn,https://tnh.com.vn/quan-he-co-dong,Y tế & Chăm sóc sức khỏe,Dược phẩm,VN000000TNH2,8000,Đang giao dịch
TNI,HOSE,Công ty Cổ phần Tập đoàn Thành Nam,Thanh Nam Group Joint Stock Company,https://thanhnamgroup.com.vn,https://thanhnamgroup.com.vn/quan-he-co-dong,Khác / Chưa phân loại,Chưa phân loại,VN000000TNI0,5300,Đang giao dịch
TNT,HOSE,Công ty Cổ phần Tập đoàn TNT,TNT Group Joint Stock Company,https://tnt-group.vn,https://tnt-group.vn/quan-he-co-dong,Khác / Chưa phân loại,Chưa phân loại,VN000000TNT7,9790,Đang giao dịch
TPB,HOSE,Ngân hàng Thương mại Cổ phần Tiên Phong,Tien Phong Commercial Joint Stock Bank,https://tpb.vn,https://tpb.vn/quan-he-co-dong,Tài chính,Ngân hàng,VN000000TPB0,14450,Đang giao dịch
TPC,HOSE,Công ty Cổ phần Nhựa Tân Đại Hưng,Tan Dai Hung Plastic Joint Stock Company,http://tandaihungplastic.com,http://tandaihungplastic.com/quan-he-co-dong,Công nghiệp,Cơ khí & Chế tạo,VN000000TPC8,12700,Đang giao dịch
TRA,HOSE,Công ty Cổ phần Traphaco,Traphaco Joint Stock Company,https://traphaco.com.vn,https://traphaco.com.vn/quan-he-co-dong,Y tế & Chăm sóc sức khỏe,Dược phẩm,VN000000TRA8,36900,Đang giao dịch
TRC,HOSE,Công ty Cổ phần Cao su Tây Ninh,Tay Ninh Rubber Joint Stock Company,http://taniruco.com,http://taniruco.com/quan-he-co-dong,Nguyên vật liệu,Hóa chất & Phân bón,VN000000TRC4,82200,Đang giao dịch
TSA,HOSE,Công ty Cổ phần Đầu tư và Xây lắp Trường Sơn,Truong Son Investment and Construction Joint Stock Company,https://truongsonhn.com.vn,https://truongsonhn.com.vn/quan-he-co-dong,Công nghiệp,Xây dựng & Vật liệu,VN000000TSA6,15650,Đang giao dịch
TSC,HOSE,Công ty Cổ phần Vật tư Kỹ thuật Nông nghiệp Cần Thơ,Techno - Agricultural Supplying Joint Stock Company,http://tsccantho.com.vn,http://tsccantho.com.vn/quan-he-co-dong,Hàng tiêu dùng,Thực phẩm & Đồ uống,VN000000TSC2,1950,Đang giao dịch
TTA,HOSE,Công ty Cổ phần Đầu tư Xây dựng và Phát triển Trường Thành,Truong Thanh Development and Construction Investment Joint Stock Company,https://truongthanhgroup.com.vn,https://truongthanhgroup.com.vn/quan-he-co-dong,Tiện ích cộng đồng,Sản xuất & Phân phối Điện,VN000000TTA4,11350,Đang giao dịch
TTE,HOSE,Công ty Cổ phần Đầu tư Năng lượng Trường Thịnh,Truong Thinh Energy Investment Joint Stock Company,https://dientruongthinh.vn,https://dientruongthinh.vn/quan-he-co-dong,Tiện ích cộng đồng,Sản xuất & Phân phối Điện,VN000000TTE6,33950,Đang giao dịch
TTF,HOSE,Công ty Cổ phần Tập đoàn Kỹ nghệ Gỗ Trường Thành,Truong Thanh Furniture Corporation,https://truongthanh.com,https://truongthanh.com/quan-he-co-dong,Công nghiệp,Cơ khí & Chế tạo,VN000000TTF3,1570,Đang giao dịch
TV2,HOSE,Công ty Cổ phần Tư vấn Xây dựng Điện 2,Power Engineering Consulting Joint Stock Company 2,http://pecc2.com,http://pecc2.com/quan-he-co-dong,Tiện ích cộng đồng,Sản xuất & Phân phối Điện,VN000000TV22,25900,Đang giao dịch
TVB,HOSE,Công ty Cổ phần Chứng khoán T-Cap,T-Cap Securities Joint Stock Company,https://tcap.vn,https://tcap.vn/quan-he-co-dong,Tài chính,Dịch vụ Tài chính / Chứng khoán,VN000000TVB8,6380,Đang giao dịch
TVS,HOSE,Công ty Cổ phần Chứng khoán Thiên Việt,Thien Viet Securities Joint Stock Company,https://tvs.vn,https://tvs.vn/quan-he-co-dongVCBNg,Tài chính,Dịch vụ Tài chính / Chứng khoán,VN000000TVS2,14750,Đang giao dịch
TVT,HOSE,Tổng Công ty Việt Thắng - CTCP,Viet Thang Corporation,https://vietthang.com.vn,https://vietthang.com.vn/quan-he-co-dong,Khác / Chưa phân loại,Chưa phân loại,VN000000TVT0,14750,Đang giao dịch
TYA,HOSE,Công ty Cổ phần Dây và Cáp điện Taya Việt Nam,Taya (Vietnam) Electric Wire and Cable Joint Stock Company,http://taya.com.vn,http://taya.com.vn/quan-he-co-dong,Tiện ích cộng đồng,Sản xuất & Phân phối Điện,VN000000TYA4,16800,Đang giao dịch
UIC,HOSE,Công ty Cổ phần Đầu tư Phát triển Nhà và Đô thị IDICO,Idico Urban and House Development Investment Joint Stock Company,https://udico.com.vn,https://udico.com.vn/quan-he-co-dong,Bất động sản,Bất động sản dân dụng,VN000000UIC1,55900,Đang giao dịch
VAB,HOSE,Ngân hàng Thương mại cổ phần Việt Á,VietNam-Asia Commercial Joint Stock Bank,https://vietabank.com.vn,https://vietabank.com.vn/quan-he-co-dong,Tài chính,Ngân hàng,VN000000VAB8,9080,Đang giao dịch
VBB,HOSE,Ngân hàng Thương mại Cổ phần Việt Nam Thương Tín,Viet Nam Thuong Tin Commercial Joint Stock Bank,https://vietbank.com.vn,https://vietbank.com.vn/quan-he-co-dong,Tài chính,Ngân hàng,VN000000VBB6,11100,Đang giao dịch
VCA,HOSE,Công ty Cổ phần Thép VICASA,VICASA STEEL JOINT STOCK COMPANY,https://vicasasteel.com,https://vicasasteel.com/quan-he-co-dong,Nguyên vật liệu,Thép & Kim loại,VN000000VCA6,6500,Đang giao dịch
VCB,HOSE,Ngân hàng Thương mại Cổ phần Ngoại Thương Việt Nam,Joint Stock Commercial Bank For Foreign Trade of Viet Nam,https://vietcombank.com.vn,https://vietcombank.com.vn/quan-he-nha-dau-tu,Tài chính,Ngân hàng,VN000000VCB4,58700,Đang giao dịch
VCF,HOSE,Công ty Cổ phần VINACAFÉ Biên Hòa,Vinacafé Bien Hoa Joint Stock Company,https://vinacafebienhoa.com,https://vinacafebienhoa.com/quan-he-co-dong,Khác / Chưa phân loại,Chưa phân loại,VN000000VCF5,297000,Đang giao dịch
VCG,HOSE,Tổng Công ty Cổ phần Xuất nhập khẩu và Xây dựng Việt Nam,Vietnam Construction and Import - Export Joint Stock Corporation,https://vinaconex.com.vn,https://vinaconex.com.vn/quan-he-co-dong,Công nghiệp,Xây dựng & Vật liệu,VN000000VCG3,15500,Đang giao dịch
VCI,HOSE,Công ty Cổ phần Chứng khoán Vietcap,Vietcap Securities Joint Stock Company,https://vietcap.com.vn,https://vietcap.com.vn/quan-he-nha-dau-tu,Tài chính,Dịch vụ Tài chính / Chứng khoán,VN000000VCI9,21200,Đang giao dịch
VCK,HOSE,Công ty Cổ phần Chứng khoán VPS,VPS Securities Joint Stock Company,https://vps.com.vn,https://vps.com.vn/quan-he-co-dong,Tài chính,Dịch vụ Tài chính / Chứng khoán,VN000000VCK5,29850,Đang giao dịch
VDP,HOSE,Công ty Cổ phần Dược phẩm Trung Ương Vidipha,Vidipha Central Pharmaceutical Joint Stock Company,http://vidipha.com.vn,http://vidipha.com.vn/quan-he-co-dong,Y tế & Chăm sóc sức khỏe,Dược phẩm,VN000000VDP2,25200,Đang giao dịch
VDS,HOSE,Công ty Cổ phần Chứng khoán Rồng Việt,Viet Dragon Securities Corporation,https://vdsc.com.vn,https://vdsc.com.vn/quan-he-co-dongVIBNg,Tài chính,Dịch vụ Tài chính / Chứng khoán,VN000000VDS6,11600,Đang giao dịch
VFG,HOSE,Công ty Cổ phần Khử trùng Việt Nam,Viet Nam Fumigation Joint Stock Company,http://vfc.com.vn,http://vfc.com.vn/quan-he-co-dong,Khác / Chưa phân loại,Chưa phân loại,VN000000VFG6,44250,Đang giao dịch
VGC,HOSE,Tổng Công ty Viglacera - CTCP,Viglacera Corporation - JSC,http://viglacera.com.vn,http://viglacera.com.vn/quan-he-co-dong,Bất động sản,Bất động sản khu công nghiệp,VN000000VGC3,40500,Đang giao dịch
VHC,HOSE,Công ty Cổ phần Vĩnh Hoàn,Vinh Hoan Corporation,https://vinhhoan.com,https://vinhhoan.com/investors,Hàng tiêu dùng,Thực phẩm & Đồ uống,VN000000VHC1,52100,Đang giao dịch
VHM,HOSE,Công ty Cổ phần Vinhomes,Vinhomes Joint Stock Company,https://vinhomes.vn,https://vinhomes.vn/vi/quan-he-co-dong,Bất động sản,Bất động sản dân dụng,VN000000VHM0,72100,Đang giao dịch
VIB,HOSE,Ngân hàng Thương mại Cổ phần Quốc tế Việt Nam,Vietnam International Commercial Joint Stock Bank,https://vib.com.vn,https://vib.com.vn/vn/quan-he-co-dong,Tài chính,Ngân hàng,VN000000VIB1,13700,Đang giao dịch
VIC,HOSE,Tập đoàn Vingroup - Công ty Cổ phần,Vingroup Joint Stock Company,https://vingroup.net,https://ir.vingroup.net,Khác / Chưa phân loại,Chưa phân loại,VN000000VIC9,247700,Đang giao dịch
VID,HOSE,Công ty Cổ phần Đầu tư Phát triển Thương mại Viễn Đông,Vien Dong Investment Development Trading Corporation,https://dautuviendong.vn,https://dautuviendong.vn/quan-he-co-dong,Dịch vụ tiêu dùng & Bán lẻ,Bán lẻ tổng hợp,VN000000VID7,4530,Đang giao dịch
VIP,HOSE,Công ty Cổ phần Vận tải Xăng dầu VIPCO,Viet Nam Petroleum Transport Joint Stock Company,http://vipco.com.vn,http://vipco.com.vn/quan-he-co-dong,Công nghiệp,Vận tải & Logistics,VN000000VIP1,9750,Đang giao dịch
VIX,HOSE,Công ty Cổ phần Chứng khoán VIX,VIX Securities Joint Stock Company,https://vix.vn,https://vix.vn/quan-he-co-dong,Tài chính,Dịch vụ Tài chính / Chứng khoán,VN000000VIX5,13600,Đang giao dịch
VJC,HOSE,Công ty Cổ phần Hàng không VietJet,VietJet Aviation Joint Stock Company,https://vietjetair.com,https://ir.vietjetair.com,Công nghiệp,Vận tải & Logistics,VN000000VJC7,125000,Đang giao dịch
VMD,HOSE,Công ty Cổ phần Y Dược phẩm Vimedimex,Vimedimex Medi - Pharma Joint Stock Company,https://vietpharm.com.vn,https://vietpharm.com.vn/quan-he-co-dong,Y tế & Chăm sóc sức khỏe,Dược phẩm,VN000000VMD9,13850,Tạm ngừng / Khác
VND,HOSE,Công ty Cổ phần Chứng khoán VNDIRECT,VNDIRECT Securities Corporation,https://vndirect.com.vn,https://vndirect.com.vn/quan-he-co-dongVPBNg,Tài chính,Dịch vụ Tài chính / Chứng khoán,VN000000VND7,15850,Đang giao dịch
VNG,HOSE,Công ty Cổ phần Du lịch Thành Thành Công,Thanh Thanh Cong Tourist Joint Stock Company,https://ttchospitality.vn,https://ttchospitality.vn/quan-he-co-dong,Dịch vụ tiêu dùng & Bán lẻ,Du lịch & Giải trí,VN000000VNG0,6090,Đang giao dịch
VNL,HOSE,Công ty Cổ phần Logistics Vinalink,Vinalink Logistics Joint Stock Company,https://vinalinklogistics.com,https://vinalinklogistics.com/quan-he-co-dong,Công nghiệp,Vận tải & Logistics,VN000000VNL0,18900,Đang giao dịch
VNM,HOSE,Công ty Cổ phần Sữa Việt Nam,Viet Nam Dairy Products Joint Stock Company,https://vinamilk.com.vn,https://vinamilk.com.vn/quan-he-co-dongNh,Hàng tiêu dùng,Thực phẩm & Đồ uống,VN000000VNM8,61300,Đang giao dịch
VNS,HOSE,Công ty Cổ phần Ánh Dương Việt Nam,Vietnam Sun Corporation,https://vinasun.vn,https://vinasun.vn/quan-he-co-dong,Khác / Chưa phân loại,Chưa phân loại,VN000000VNS5,6400,Đang giao dịch
VOS,HOSE,Công ty Cổ phần Vận tải Biển Việt Nam,Viet Nam Ocean Shipping Joint Stock Company,http://vosco.vn,http://vosco.vn/quan-he-co-dong,Công nghiệp,Vận tải & Logistics,VN000000VOS3,11000,Đang giao dịch
VPB,HOSE,Ngân hàng Thương mại Cổ phần Việt Nam Thịnh Vượng,VietNam Prosperity Joint Stock Commercial Bank,https://vpbank.com.vn,https://vpbank.com.vn/quan-he-nha-dau-tuNh,Tài chính,Ngân hàng,VN000000VPB6,27400,Đang giao dịch
VPD,HOSE,Công ty Cổ phần Phát triển Điện lực Việt Nam,Viet Nam Power Development Joint Stock Company,http://vnpd.com.vn,http://vnpd.com.vn/quan-he-co-dong,Tiện ích cộng đồng,Sản xuất & Phân phối Điện,VN000000VPD2,21050,Đang giao dịch
VPG,HOSE,Công ty Cổ phần Đầu tư Thương mại Xuất nhập khẩu Việt Phát,Viet Phat Import Export Trading Investment Joint Stock Company,https://vietphatgroup.com.vn,https://vietphatgroup.com.vn/quan-he-co-dong,Dịch vụ tiêu dùng & Bán lẻ,Bán lẻ tổng hợp,VN000000VPG5,1720,Đang giao dịch
VPH,HOSE,Công ty Cổ phần Vạn Phát Hưng,Van Phat Hung Corporation,http://vanphathung.com,http://vanphathung.com/quan-he-co-dong,Bất động sản,Bất động sản dân dụng,VN000000VPH3,2980,Đang giao dịch
VPI,HOSE,Công ty Cổ phần Phát triển BĐS Văn Phú,Van Phu Real Estate Development Joint Stock Company,https://vanphu.vn,https://vanphu.vn/quan-he-co-dong,Khác / Chưa phân loại,Chưa phân loại,VN000000VPI1,58700,Đang giao dịch
VPL,HOSE,Công ty cổ phần Vinpearl,Vinpearl Joint Stock Company,http://vinpearlland.com,http://vinpearlland.com/quan-he-co-dong,Khác / Chưa phân loại,Chưa phân loại,VN000000VPL5,85900,Đang giao dịch
VPS,HOSE,Công ty Cổ phần Thuốc sát trùng Việt Nam,Vietnam Pesticide Joint Stock Company,https://vps.com.vn,https://vps.com.vn/quan-he-co-dong,Khác / Chưa phân loại,Chưa phân loại,VN000000VPS0,8700,Đang giao dịch
VPX,HOSE,Công ty cổ phần Chứng khoán VPBANK,VPBANK SECURITIES JSC,https://vpbanks.com.vn,https://vpbanks.com.vn/quan-he-co-dong,Tài chính,Dịch vụ Tài chính / Chứng khoán,VN000000VPX0,24700,Đang giao dịch
VRC,HOSE,Công ty Cổ phần Bất động sản và Đầu tư VRC,VRC Real Estate and Investment Joint Stock Company,http://vrc.com.vn,http://vrc.com.vn/quan-he-co-dong,Bất động sản,Bất động sản dân dụng,VN000000VRC0,11000,Đang giao dịch
VRE,HOSE,Công ty Cổ phần Vincom Retail,Vincom Retail Joint Stock Company,https://vincom.com.vn,https://ir.vincom.com.vnNh,Khác / Chưa phân loại,Chưa phân loại,VN000000VRE6,26300,Đang giao dịch
VSC,HOSE,Công ty Cổ phần Container Việt Nam,Vietnam Container Shipping Joint Stock Corporation,https://viconship.com,https://viconship.com/quan-he-co-dong,Công nghiệp,Vận tải & Logistics,VN000000VSC8,13500,Đang giao dịch
VSH,HOSE,Công ty Cổ phần Thủy điện Vĩnh Sơn - Sông Hinh,Vinh Son - Song Hinh Hydropower Joint Stock Company,https://vshpc.evn.vn,https://vshpc.evn.vn/quan-he-co-dongDanh,Tiện ích cộng đồng,Sản xuất & Phân phối Điện,VN000000VSH7,41300,Đang giao dịch
VSI,HOSE,Công ty Cổ phần Đầu tư và Xây dựng Cấp thoát nước,Water Supply Sewerage Construction and Investment Joint Stock Company,http://waseco.com.vn,http://waseco.com.vn/quan-he-co-dong,Tiện ích cộng đồng,Nước & Xử lý chất thải,VN000000VSI5,18500,Đang giao dịch
VTB,HOSE,Công ty Cổ phần Viettronics Tân Bình,Viettronics Tan Binh Joint Stock Company,http://vtb.com.vn,http://vtb.com.vn/quan-he-co-dong,Khác / Chưa phân loại,Chưa phân loại,VN000000VTB8,13200,Đang giao dịch
VTO,HOSE,Công ty Cổ phần Vận tải Xăng dầu VITACO,Viet Nam Tanker Joint Stock Company,https://vitaco.petrolimex.com.vn,https://vitaco.petrolimex.com.vn/quan-he-co-dong,Công nghiệp,Vận tải & Logistics,VN000000VTO1,10600,Đang giao dịch
VTP,HOSE,Tổng Công ty Cổ phần Bưu chính Viettel,Viettel Post Joint Stock Corporation,https://viettelpost.com.vn,https://viettelpost.com.vn/quan-he-co-dong,Công nghiệp,Vận tải & Logistics,VN000000VTP8,50400,Đang giao dịch
VVS,HOSE,Công ty cổ phần Đầu tư phát triển máy Việt Nam,VIETNAM MACHINE INVESTMENT DEVELOPMENT JOINT STOCK COMPANY,https://vimid.vn,https://vimid.vn/quan-he-co-dong,Khác / Chưa phân loại,Chưa phân loại,VN000000VVS8,88700,Đang giao dịch
YBM,HOSE,Công ty Cổ phần Khoáng sản Công nghiệp Yên Bái,Yen Bai Industry Mineral Joint Stock Company,https://ybm.com.vn,https://ybm.com.vn/quan-he-co-dong,Nguyên vật liệu,Khai khoáng & Than đá,VN000000YBM7,10250,Đang giao dịch
YEG,HOSE,Công ty Cổ phần Tập đoàn Yeah1,Yeah1 Group Corporation,https://yeah1group.com,https://yeah1group.com/quan-he-co-dong,Khác / Chưa phân loại,Chưa phân loại,VN000000YEG3,7200,Đang giao dịch
ADC,HNX,Cổ phiếu Công ty Cổ phần Mĩ thuật và Truyền thông,Art Design and Communication Joint Stock Company,http://adc.net.vn,http://adc.net.vn/quan-he-co-dong,Dịch vụ tiêu dùng & Bán lẻ,Truyền thông & Xuất bản,VN000000ADC4,16400,Đang giao dịch
ALT,HNX,Cổ phiếu CTCP Văn hóa Tân Bình,ALTA Company,https://alt.com.vn,https://alt.com.vn/quan-he-co-dong,Nguyên vật liệu,Hóa chất & Phân bón,VN000000ALT1,12000,Đang giao dịch
AMC,HNX,Cổ phiếu Công ty cổ phần Khoáng sản Á Châu,Asia Mineral Joint Stock Company,http://amcvina.vn,http://amcvina.vn/quan-he-co-dong,Nguyên vật liệu,Khai khoáng & Than đá,VN000000AMC5,13600,Đang giao dịch
AME,HNX,Công ty cổ phần Alphanam E&C,Alphanam E&C JSC,http://alphanamec.com.vn,http://alphanamec.com.vn/quan-he-co-dong,Công nghiệp,Xây dựng & Vật liệu,VN000000AME1,6800,Đang giao dịch
AMV,HNX,Cổ phiếu CTCP SXKD Dược và trang thiết bị Việt Mỹ,American Vietnamese Biotech Incorporation,https://amvpharma.vn,https://amvpharma.vn/quan-he-co-dong,Y tế & Chăm sóc sức khỏe,Dược phẩm,VN000000AMV5,1100,Đang giao dịch
API,HNX,Cổ phiếu CTCP Đầu tư  Châu á - Thái Bình Dương,Asia - Pacific Investment JSC,https://apec.com.vn,https://apec.com.vn/chung-khoan-apsBABNg,Bất động sản,Bất động sản dân dụng,VN000000API5,5500,Đang giao dịch
APS,HNX,Cổ phiếu CTCP Chứng khoán Châu á - Thái Bình Dương,Asia - Pacific Securities Joint Stock Company,https://apec.com.vn,,Tài chính,Dịch vụ Tài chính / Chứng khoán,VN000000APS4,5800,Đang giao dịch
ARM,HNX,ARM - CTCP Xuất nhập khẩu Hàng không,General Aviation Import – Export JSC,https://airimex.vn,https://airimex.vn/quan-he-co-dong,Dịch vụ tiêu dùng & Bán lẻ,Bán lẻ tổng hợp,VN000000ARM3,45800,Đang giao dịch
ATS,HNX,Công ty Cổ phần Tập đoàn đầu tư ATS,ATS Investment Group Joint Stock Company,https://atsinvest.com.vn,https://atsinvest.com.vn/quan-he-co-dong,Công nghiệp,Cơ khí & Chế tạo,VN000000ATS6,23400,Đang giao dịch
BAB,HNX,Ngân hàng Thương mại Cổ phần Bắc Á,Bac A Commercial Joint Stock Bank,https://bac-abank.vn,https://bac-abank.vn/quan-he-co-dong,Tài chính,Ngân hàng,VN000000BAB0,10700,Đang giao dịch
BAX,HNX,CTCP Thong Nhat,Thong Nhat Joint Stock Company,http://bauxeo.com.vn,http://bauxeo.com.vn/quan-he-co-dong,Bất động sản,Bất động sản dân dụng,VN000000BAX4,30000,Đang giao dịch
BBS,HNX,Công ty cổ phần Vicem Bao bì Bút Sơn,Vicem Packaging But Son Joint Stock Company,https://butsonpackaging.vn,https://butsonpackaging.vn/quan-he-co-dong,Công nghiệp,Cơ khí & Chế tạo,VN000000BBS2,11800,Đang giao dịch
BCC,HNX,Cổ phiếu CTCP Xi măng Bỉm Sơn,BimSon Cement JSC,http://ximangbimson.com.vn,http://ximangbimson.com.vn/quan-he-co-dong,Công nghiệp,Xây dựng & Vật liệu,VN000000BCC4,5800,Đang giao dịch
BCF,HNX,CTCP Thuc Pham Bich Chi,Bich Chi Food Company,http://bichchi.com.vn,http://bichchi.com.vn/quan-he-co-dong,Hàng tiêu dùng,Thực phẩm & Đồ uống,VN000000BCF7,36000,Đang giao dịch
BED,HNX,Cổ phiếu CTCP Sách và Thiết bị trường học đà Nẵng,Danang Books and School Equipment JSC,https://danangbook.com,https://danangbook.com/quan-he-co-dong,Công nghiệp,Cơ khí & Chế tạo,VN000000BED8,23600,Đang giao dịch
BKC,HNX,Cổ phiếu CTCP Khoáng sản Bắc Kạn,Bac Kan Mineral Joint Stock Corporation,https://backanmineral.com.vn,https://backanmineral.com.vn/co-dong,Nguyên vật liệu,Khai khoáng & Than đá,VN000000BKC7,12700,Đang giao dịch
BNA,HNX,Công ty cổ phần Tập đoàn Đầu tư Bảo Ngọc,Bao Ngoc Investment Production Corporation,https://baongoc.vn,https://baongoc.vn/quan-he-co-dong,Hàng tiêu dùng,Thực phẩm & Đồ uống,VN000000BNA5,1900,Tạm ngừng / Khác
BPC,HNX,Công ty cổ phần Vicem Bao bì Bỉm Sơn,Vicem Packaging Bim Son Joint Stock Company,https://baobibimson.vn,https://baobibimson.vn/co-dong,Công nghiệp,Cơ khí & Chế tạo,VN000000BPC6,13400,Đang giao dịch
BTS,HNX,Công ty cổ phần Xi măng Vicem Bút Sơn,Vicem But Son Cement Joint Stock Company,https://vicembutson.com.vn,https://vicembutson.com.vn/quan-he-co-dong,Công nghiệp,Xây dựng & Vật liệu,VN000000BTS4,4700,Đang giao dịch
BTW,HNX,Cổ phiếu CTCP Cấp nước Bến Thành,Ben Thanh Water Supply Joint Stock Company,http://capnuocbenthanh.com,http://capnuocbenthanh.com/quan-he-co-dong,Tiện ích cộng đồng,Nước & Xử lý chất thải,VN000000BTW6,99000,Đang giao dịch
BVS,HNX,Chứng khoán CTCP chứng khoán Bảo Việt,Bao Viet Securities Joint Stock Company,https://bvsc.com.vn,https://bvsc.com.vn/quan-he-co-dong,Tài chính,Dịch vụ Tài chính / Chứng khoán,VN000000BVS0,28200,Đang giao dịch
BXH,HNX,Công ty cổ phần Vicem Bao bì Hải Phòng,Haiphong Packing VICEM Joint Stock Company,https://hpvc.com.vn,https://hpvc.com.vn/quan-he-co-dong,Nguyên vật liệu,Hóa chất & Phân bón,VN000000BXH9,12000,Đang giao dịch
C69,HNX,CTCP Xay dung 1369,1369 Construction Joint Stock Company,https://c69.vn,https://c69.vn/quan-he-co-dong,Công nghiệp,Xây dựng & Vật liệu,VN000000C697,16900,Đang giao dịch
CAG,HNX,CTCP Cảng An Giang,An Giang Port Joint-Stock Company,https://angiangport.com.vn,https://angiangport.com.vn/quan-he-co-dong,Công nghiệp,Vận tải & Logistics,VN000000CAG7,5900,Đang giao dịch
CAN,HNX,Cổ phiếu CTCP Đồ hộp Hạ Long,Halong Canned Food Joint Stock Corporation,https://halongcanfoco.com,https://halongcanfoco.com/quan-he-co-dong,Hàng tiêu dùng,Thực phẩm & Đồ uống,VN000000CAN3,20600,Đang giao dịch
CAP,HNX,Cổ phiếu CTCP Lâm nông sản thực phẩm Yên Bái,Yen Bai Joint Stock Forest Agricultural Products and Foodstuff Company,http://yfatuf.com.vn,http://yfatuf.com.vn/quan-he-co-dong,Hàng tiêu dùng,Thực phẩm & Đồ uống,VN000000CAP8,42400,Đang giao dịch
CAR,HNX,CTCP Tap doan Giao duc Tri Viet,Tri Viet Education Group Joint Stock Company,https://trivietgroup.edu.vn,https://trivietgroup.edu.vn/quan-he-co-dong,Công nghiệp,Cơ khí & Chế tạo,VN000000CAR4,19600,Đang giao dịch
CCR,HNX,CTCP Cang Cam Ranh,Cam Ranh Port JSC,https://camranhport.vn,https://camranhport.vn/quan-he-co-dong,Công nghiệp,Vận tải & Logistics,VN000000CCR0,14300,Đang giao dịch
CDN,HNX,CTCP Cang Da Nang,Danang Port Joint Stock Company,https://danangport.com,https://danangport.com/quan-he-co-dong,Công nghiệp,Vận tải & Logistics,VN000000CDN7,25400,Đang giao dịch
CEO,HNX,Công ty cổ phần Tập đoàn C.E.O,C.E.O Group Joint Stock Company,https://ceogroup.com.vn,https://ceogroup.com.vn/quan-he-co-dong,Bất động sản,Bất động sản dân dụng,VN000000CEO3,12600,Đang giao dịch
CET,HNX,Công ty Cổ phần HTC Holding,HTC Holding Joint Stock Company,https://cetholding.vn,https://cetholding.vn/quan-he-co-dong,Công nghệ Thông tin,Phần mềm & Dịch vụ CNTT,VN000000CET2,3300,Tạm ngừng / Khác
CIA,HNX,CTCP Dich vu San bay Quoc te Cam Ranh,Cam Ranh International Airport Services JSC,https://cias.vn,https://cias.vn/quan-he-co-dong,Khác / Chưa phân loại,Chưa phân loại,VN000000CIA3,9300,Đang giao dịch
CJC,HNX,Cổ phiếu CTCP Cơ điện Miền Trung,Central Area Electrical Mechanical JSC,http://cemc.com.vn,http://cemc.com.vn/quan-he-co-dong,Công nghiệp,Xây dựng & Vật liệu,VN000000CJC7,19800,Đang giao dịch
CKV,HNX,Công ty cổ phần Cokyvina,COKYVINA JSC,http://cokyvina.com.vn,http://cokyvina.com.vn/quan-he-co-dong,Công nghệ Thông tin,Phần mềm & Dịch vụ CNTT,VN000000CKV5,13000,Đang giao dịch
CLH,HNX,CTCP Xi mang La Hien VVMI,La Hien Cement Joint Stock Company,http://ximanglahien.com.vn,http://ximanglahien.com.vn/quan-he-co-dong,Khác / Chưa phân loại,Chưa phân loại,VN000000CLH2,20100,Đang giao dịch
CLM,HNX,Công ty Cổ phần Xuất nhập khẩu Than - Vinacomin,Vinacomin - Coal Import Export Joint Stock Company,https://clm.vn,https://clm.vn/quan-he-co-dong,Nguyên vật liệu,Khai khoáng & Than đá,VN000000CLM2,56000,Đang giao dịch
CMC,HNX,Cổ phiếu CTCP đầu tư CMC,CMC Investment JSC,http://cmci.com.vn,http://cmci.com.vn/quan-he-co-dong,Khác / Chưa phân loại,Chưa phân loại,VN000000CMC1,8700,Đang giao dịch
CMS,HNX,Công ty Cổ phần Tập đoàn CMH Việt Nam,CMH Vietnam Group JSC,https://cmhgroup.vn,https://cmhgroup.vn/quan-he-co-dong,Công nghiệp,Xây dựng & Vật liệu,VN000000CMS7,5400,Đang giao dịch
CPC,HNX,Cổ phiếu CTCP Thuốc sát trùng Cần Thơ,Can Tho Pesticides Joint Stock Company,http://tstcantho.com.vn,http://tstcantho.com.vn/quan-he-co-dong,Nguyên vật liệu,Hóa chất & Phân bón,VN000000CPC4,15500,Đang giao dịch
CSC,HNX,Công ty Cổ phần Tập đoàn COTANA,COTANA GROUP Joint Stock Company,https://cotanagroup.vn,https://cotanagroup.vn/quan-he-co-dong,Bất động sản,Bất động sản dân dụng,VN000000CSC8,9300,Đang giao dịch
CST,HNX,CTCP Than Cao Sơn - TKV,Cao Son Coal Joint Stock Company,https://caosoncoal.vn,https://caosoncoal.vn/quan-he-co-dong,Nguyên vật liệu,Khai khoáng & Than đá,VN000000CST2,10000,Đang giao dịch
CTB,HNX,CTCP Che tao Bom Hai Duong,Hai Duong Pump Manufacturing JSC,https://pmh.com.vn,https://pmh.com.vn/co-dong,Công nghiệp,Cơ khí & Chế tạo,VN000000CTB8,16100,Đang giao dịch
CTP,HNX,Công ty cổ phần Tập đoàn CTP Group,CTP Group Corporation,https://ctpgroupvietnam.com,https://ctpgroupvietnam.com/quan-he-co-dong,Công nghiệp,Xây dựng & Vật liệu,VN000000CTP8,6700,Đang giao dịch
CTT,HNX,Công ty cổ phần chế tạo máy - Vinacomin,Vinacomin - Machinery Joint Stock Company,https://chetaomay.com.vn,https://chetaomay.com.vn/quan-he-co-dong,Công nghiệp,Cơ khí & Chế tạo,VN000000CTT0,15900,Đang giao dịch
CX8,HNX,Cổ phiếu CTCP Đầu tư và Xây lắp Constrexim số 8,CONSTREXIM No. 8 Investment and Construction JSC,http://constrexim8.com.vn,http://constrexim8.com.vn/quan-he-co-dong,Công nghiệp,Xây dựng & Vật liệu,VN000000CX86,9500,Đang giao dịch
D11,HNX,Cổ phiếu Công ty Cổ phần Địa ốc 11,Real Estate 11 JSC,https://diaoc11.com.vn,https://diaoc11.com.vn/quan-he-co-dong,Bất động sản,Bất động sản dân dụng,VN000000D117,11300,Đang giao dịch
DAD,HNX,Cổ phiếu CTCP Đầu tư và Phát triển Giáo dục Đà Nẵng,Da Nang Education Development and Investment JSC,http://iseebooks.vn,http://iseebooks.vn/quan-he-co-dong,Dịch vụ tiêu dùng & Bán lẻ,Truyền thông & Xuất bản,VN000000DAD2,13500,Đang giao dịch
DAE,HNX,Cổ phiếu CTCP Sách giáo dục tại Tp Đà Nẵng,Educational Book JSC In Da Nang City,https://sachgiaoduc.com,https://sachgiaoduc.com/quan-he-co-dong,Công nghiệp,Cơ khí & Chế tạo,VN000000DAE0,14200,Đang giao dịch
DC2,HNX,Cổ phiếu CTCP Đầu tư phát triển- Xây dựng (DIC) Số 2,Development Investment Construction Number 2 JSC,https://dic2.vn,https://dic2.vn/quan-he-co-dong,Công nghiệp,Xây dựng & Vật liệu,VN000000DC23,6200,Đang giao dịch
DHP,HNX,Cổ phiếu Công ty cổ phần điện cơ Hải Phòng,Hai Phong Electrical Mechanical JSC,https://dhp.com.vn,https://dhp.com.vn/quan-he-co-dong,Tiện ích cộng đồng,Sản xuất & Phân phối Điện,VN000000DHP1,10300,Đang giao dịch
DHT,HNX,Cổ phiếu CTCP Dược phẩm Hà Tây,HaTay Pharmaceutical JSC,https://hataphar.com.vn,https://hataphar.com.vn/quan-he-co-dong,Y tế & Chăm sóc sức khỏe,Dược phẩm,VN000000DHT3,55500,Đang giao dịch
DIH,HNX,Cổ phiếu CTCP Đầu tư Phát triển Xây dựng Hội An,Development Investment Construction Hoi An JSC,https://dichoian.vn,https://dichoian.vn/quan-he-co-dong,Công nghiệp,Xây dựng & Vật liệu,VN000000DIH6,7200,Đang giao dịch
DL1,HNX,Công ty cổ phần Tập đoàn Alpha Seven,Alpha Seven Group Joint Stock Company,https://a7group.vn,https://a7group.vn/quan-he-co-dong,Tiện ích cộng đồng,Sản xuất & Phân phối Điện,VN000000DL14,4300,Đang giao dịch
DNC,HNX,cổ phiếu CTCP Điện nước lắp máy Hải Phòng,Hai Phong Electricity Water Machine Assembly Joint Stock Company,https://diennuochp.com.vn,https://diennuochp.com.vn/quan-he-co-dong,Công nghiệp,Xây dựng & Vật liệu,VN000000DNC7,49000,Đang giao dịch
DNP,HNX,Công ty Cổ phần DNP Holding,DNP Holding JSC,https://dnpcorp.vn,https://dnpcorp.vn/quan-he-co-dong,Nguyên vật liệu,Hóa chất & Phân bón,VN000000DNP9,20000,Đang giao dịch
DP3,HNX,Công ty Cổ phần Dược phẩm Trung ương 3,Central Pharmaceutical Joint Stock Company No3,https://duocphamtw3.com,https://duocphamtw3.com/quan-he-co-dong,Y tế & Chăm sóc sức khỏe,Dược phẩm,VN000000DP36,61500,Đang giao dịch
DS3,HNX,Công ty Cổ phần DS3,DS3 Joint Stock Company,https://ds3.vn,https://ds3.vn/quan-he-co-dong,Khác / Chưa phân loại,Chưa phân loại,VN000000DS33,4500,Đang giao dịch
DST,HNX,CTCP Dau Tu Sao Thang Long,Sao Thang Long Investment Joint Stock Company,https://saothanglong.vn,https://saothanglong.vn/quan-he-co-dong,Bất động sản,Bất động sản dân dụng,VN000000DST0,7600,Đang giao dịch
DTD,HNX,CTCP Đầu tư Phát triển Thành Đạt,Thanh Dat Investment Development JSC,https://thanhdatcorp.com.vn,https://thanhdatcorp.com.vn/quan-he-co-dong,Công nghiệp,Cơ khí & Chế tạo,VN000000DTD2,11100,Đang giao dịch
DTG,HNX,DTG- CTCP Duoc pham tipharco,Tipharco Pharmaceutical Joint Stock Company,https://tipharco.vn,https://tipharco.vn/quan-he-co-dong,Khác / Chưa phân loại,Chưa phân loại,VN000000DTG5,13000,Đang giao dịch
DTK,HNX,CTCP - Tong cong ty Dien luc TKV,Vinacomin - Power Holding Corporation,http://dienluctkv.vn,http://dienluctkv.vn/quan-he-co-dong,Khác / Chưa phân loại,Chưa phân loại,VN000000DTK7,10700,Đang giao dịch
DVM,HNX,CTCP Dược Liệu Việt Nam,Vietnam Medicinal Materials Joint Stock Company,https://duoclieuvietnam.com.vn,https://duoclieuvietnam.com.vn/quan-he-co-dong,Y tế & Chăm sóc sức khỏe,Dược phẩm,VN000000DVM9,4500,Đang giao dịch
DXP,HNX,Công ty Cổ phần Cảng Đoạn Xá,Doan Xa Port JSC,https://doanxaport.com.vn,https://doanxaport.com.vn/quan-he-co-dong,Công nghiệp,Vận tải & Logistics,VN000000DXP8,13700,Đang giao dịch
EBS,HNX,Cổ phiếu CTCP Sách giáo dục tại Tp Hà Nội,Educational Book JSC in Hanoi City,http://sachgiaoduchanoi.vn,http://sachgiaoduchanoi.vn/quan-he-co-dong,Dịch vụ tiêu dùng & Bán lẻ,Truyền thông & Xuất bản,VN000000EBS6,10400,Đang giao dịch
ECI,HNX,Công ty Cổ phần Tập đoàn ECI,Education Cartography and Illustration JSC,https://ecigroup.com.vn,https://ecigroup.com.vn/quan-he-co-dong,Công nghiệp,Cơ khí & Chế tạo,VN000000ECI5,9200,Tạm ngừng / Khác
EID,HNX,Cổ phiếu CTCP Đầu tư và Phát triển Giáo dục Hà Nội,Hanoi Education Development and Investment JSC,https://heid.vn,https://heid.vn/quan-he-co-dong,Công nghiệp,Cơ khí & Chế tạo,VN000000EID3,19100,Đang giao dịch
EVS,HNX,Công ty cổ phần chứng khoán Everest,Everest Securities Joint Stock Company,https://eves.com.vn,https://eves.com.vn/quan-he-co-dong,Tài chính,Dịch vụ Tài chính / Chứng khoán,VN000000EVS4,4900,Đang giao dịch
FID,HNX,CTCP Dau tu va Phat trien Doanh nghiep Viet Nam,Vietnam Enterprise Investment and Development JSC,http://vndi.vn,http://vndi.vn/quan-he-co-dong,Khác / Chưa phân loại,Chưa phân loại,VN000000FID0,1400,Tạm ngừng / Khác
GDW,HNX,Cổ phiếu CTCP Cấp nước Gia Định,Gia Dinh Water Supply Joint Stock Company,https://capnuocgiadinh.vn,https://capnuocgiadinh.vn/quan-he-co-dong,Tiện ích cộng đồng,Nước & Xử lý chất thải,VN000000GDW9,30200,Đang giao dịch
GIC,HNX,Công ty Cổ phần VSC Green Logistics,VSC Green Logistics Joint Stock Company,https://greenicd.com.vn,https://greenicd.com.vn/quan-he-co-dong,Công nghiệp,Vận tải & Logistics,VN000000GIC0,11700,Đang giao dịch
GKM,HNX,Công ty Cổ phần GKM Holdings,GKM Holdings Joint Stock Company,https://khangminhgroup.com,https://khangminhgroup.com/quan-he-co-dong,Khác / Chưa phân loại,Chưa phân loại,VN000000GKM5,1100,Tạm ngừng / Khác
GLT,HNX,Cổ phiếu CTCP Kỹ thuật Điện Toàn Cầu,Global Electrical Technology Corp.,https://glt.com.vn,https://glt.com.vn/quan-he-co-dong,Tiện ích cộng đồng,Sản xuất & Phân phối Điện,VN000000GLT8,29300,Đang giao dịch
GMA,HNX,Công ty Cổ phần G-Automobile,"G-AUTOMOBILE ., JSC",https://g-automobile.vn,https://g-automobile.vn/quan-he-co-dong,Khác / Chưa phân loại,Chưa phân loại,VN000000GMA6,57000,Đang giao dịch
GMX,HNX,Cổ phiếu Công ty Cổ phần Gạch ngói Gốm Xây dựng Mỹ Xuân,My Xuan Brick Tile Pottery and Construction,https://myxuan-ceramic.com.vn,https://myxuan-ceramic.com.vn/quan-he-co-dong,Công nghiệp,Xây dựng & Vật liệu,VN000000GMX8,17200,Đang giao dịch
HAD,HNX,Cổ phiếu CTCP Bia Hà Nội - Hải Dương,Hanoi – Hai Duong Beer JSC,https://biaduong.com.vn,https://biaduong.com.vn/quan-he-co-dong,Hàng tiêu dùng,Thực phẩm & Đồ uống,VN000000HAD3,13100,Đang giao dịch
HAT,HNX,Cổ phiếu CTCP Thương mại Bia Hà Nội,Hanoi Beer Trading JSC,http://biahoihanoi.com.vn,http://biahoihanoi.com.vn/quan-he-co-dong,Hàng tiêu dùng,Thực phẩm & Đồ uống,VN000000HAT9,28200,Đang giao dịch
HBS,HNX,HBS - CTCP Chứng khoán Hòa bình,Hoa Binh Securities JSC,https://hbse.com.vn,https://hbse.com.vn/quan-he-co-dong,Tài chính,Dịch vụ Tài chính / Chứng khoán,VN000000HBS9,3700,Tạm ngừng / Khác
HCC,HNX,Công ty cổ phần Bê tông Hòa Cầm - ITEMEX,Hoa Cam Concrete JSC,http://betonghoacam.com.vn,http://betonghoacam.com.vn/quan-he-co-dong,Công nghiệp,Xây dựng & Vật liệu,VN000000HCC1,23100,Đang giao dịch
HCT,HNX,Cổ phiếu  CTCP Thương mại - Dịch vụ - Vận tải Xi Măng Hải Phòng.,Hai Phong Cement Transport and Trading JSC,https://vtxmhp.com,https://vtxmhp.com/quan-he-co-dong,Công nghiệp,Xây dựng & Vật liệu,VN000000HCT5,10600,Đang giao dịch
HDA,HNX,HDA - CTCP Hãng sơn Đông Á,DONG A Paint JSC,https://dongapaints.com.vn,https://dongapaints.com.vn/quan-he-co-dong,Nguyên vật liệu,Hóa chất & Phân bón,VN000000HDA3,6700,Đang giao dịch
HEV,HNX,Công Ty cổ phần sách đại học - dạy nghề,Higher Educational and Vocational Book JSC,https://hevobooks.com,https://hevobooks.com/quan-he-co-dong,Dịch vụ tiêu dùng & Bán lẻ,Truyền thông & Xuất bản,VN000000HEV7,7300,Đang giao dịch
HGM,HNX,Cổ phiếu CTCP Cơ khí và Khoáng sản Hà Giang,Ha Giang Mineral and Mechanics JSC,https://hgm.vn,https://hgm.vn/quan-he-co-dong,Nguyên vật liệu,Khai khoáng & Than đá,VN000000HGM1,109800,Đang giao dịch
HHC,HNX,Cổ phiếu CTCP Bánh kẹo Hải Hà,Haiha Confectionery JSC,http://haihaco.com.vn,http://haihaco.com.vn/quan-he-co-dong,Hàng tiêu dùng,Thực phẩm & Đồ uống,VN000000HHC0,76300,Đang giao dịch
HJS,HNX,Cổ phiếu CTCP Thuỷ điện Nậm Mu,Nam Mu Hydropower JSC,https://thuydiennammu.com.vn,https://thuydiennammu.com.vn/quan-he-co-dong,Tiện ích cộng đồng,Sản xuất & Phân phối Điện,VN000000HJS2,25300,Đang giao dịch
HKT,HNX,Công ty cổ phần QP Holdings,QP Holdings Joint Stock Company,https://qpxanh.com.vn,https://qpxanh.com.vn/quan-he-co-dong,Dịch vụ tiêu dùng & Bán lẻ,Bán lẻ tổng hợp,VN000000HKT8,13800,Đang giao dịch
HLC,HNX,Công ty cổ phần Than Hà Lầm - Vinacomin,Vinacomin - HaLam Coal JSC,https://halamcoal.com.vn,https://halamcoal.com.vn/quan-he-co-dong,Nguyên vật liệu,Khai khoáng & Than đá,VN000000HLC2,10100,Đang giao dịch
HLD,HNX,Công ty cổ phần đầu tư và Phát triển Bất Động sản HUDLAND,HUDLAND Real Estate Investment and Development Joint Stock Company,http://hudland.com.vn,http://hudland.com.vn/quan-he-co-dong,Bất động sản,Bất động sản dân dụng,VN000000HLD0,13800,Đang giao dịch
HMH,HNX,HMH - CTCP Hải Minh,Hai Minh Corporation,https://haiminh.com.vn,https://haiminh.com.vn/quan-he-co-dong,Công nghiệp,Vận tải & Logistics,VN000000HMH9,16200,Đang giao dịch
HMR,HNX,Công ty cổ phần Đá Hoàng Mai,Hoang Mai Stone Joint Stock Company,https://rcchoangmai.vn,https://rcchoangmai.vn/quan-he-co-dong,Công nghiệp,Xây dựng & Vật liệu,VN000000HMR8,9500,Đang giao dịch
HOM,HNX,Công ty Cổ phần Xi măng Vicem Hoàng Mai,VICEM Hoang Mai Cement JSC,https://ximanghoangmai.vn,https://ximanghoangmai.vn/quan-he-co-dong,Công nghiệp,Xây dựng & Vật liệu,VN000000HOM5,3900,Đang giao dịch
HTC,HNX,Cổ phiếu CTCP Thương mại Hóc Môn,HocMon Trade JSC,http://hotraco.com.vn,http://hotraco.com.vn/quan-he-co-dong,Dịch vụ tiêu dùng & Bán lẻ,Bán lẻ tổng hợp,VN000000HTC5,28000,Đang giao dịch
HUT,HNX,Cổ phiếu CTCP Tasco,Tasco JSC,http://tasco.com.vn,http://tasco.com.vn/quan-he-co-dong,Công nghiệp,Cơ khí & Chế tạo,VN000000HUT7,12900,Đang giao dịch
HVT,HNX,Cổ phiếu Công ty Cổ phần Hóa chất Việt Trì,Viet Tri Chemicals JSC,https://vitrichem.vn,https://vitrichem.vn/quan-he-co-dong,Nguyên vật liệu,Hóa chất & Phân bón,VN000000HVT5,23300,Đang giao dịch
ICG,HNX,Cổ phiếu CTCP Xây dựng Sông Hồng,Song Hong construction Joint Stock Company (INCOMEX),https://incomex.com.vn,https://incomex.com.vn/quan-he-co-dong,Bất động sản,Bất động sản dân dụng,VN000000ICG0,10000,Đang giao dịch
IDC,HNX,Tổng Công ty IDICO - CTCP,IDICO Corporation - JSC,https://idico.com.vn,https://idico.com.vn/quan-he-co-dong,Bất động sản,Bất động sản khu công nghiệp,VN000000IDC7,31000,Đang giao dịch
IDJ,HNX,Công ty Cổ phần Đầu tư IDJ Việt Nam,IDJ Vietnam Investment Joint Stock Company,http://idjf.vn,http://idjf.vn/quan-he-co-dong,Bất động sản,Bất động sản dân dụng,VN000000IDJ2,3600,Đang giao dịch
IDV,HNX,IDV - Công ty Cổ phần Phát triển hạ tầng Vĩnh Phúc,Vinh Phuc Infrastructure Development Joint Stock Company,https://vpid.com.vn,https://vpid.com.vn/quan-he-co-dong,Công nghiệp,Cơ khí & Chế tạo,VN000000IDV7,20800,Đang giao dịch
INC,HNX,Cổ phiếu CTCP Tư vấn đầu tư IDICO,IDICO Investment Consultancy JSC,https://idico-incon.com.vn,https://idico-incon.com.vn/quan-he-co-dong,Công nghiệp,Xây dựng & Vật liệu,VN000000INC6,12000,Đang giao dịch
INN,HNX,Cổ phiếu CTCP Bao bì và In Nông nghiệp,Agriculture Printing and Packaging JSC,https://appprintco.com,https://appprintco.com/quan-he-co-dong,Hàng tiêu dùng,Thực phẩm & Đồ uống,VN000000INN3,36300,Đang giao dịch
IPA,HNX,CTCP Tap doan dau tu I.P.A,I.P.A Investment Group JSC,https://ipa.com.vn,https://ipa.com.vn/quan-he-co-dong,Khác / Chưa phân loại,Chưa phân loại,VN000000IPA5,13200,Đang giao dịch
ITQ,HNX,Cổ phiếu Công ty cổ phần Tập đoàn Thiên Quang,Thien Quang Group JSC,http://inoxthienquang.com.vn,http://inoxthienquang.com.vn/quan-he-co-dong,Nguyên vật liệu,Thép & Kim loại,VN000000ITQ3,2500,Đang giao dịch
IVS,HNX,Công ty Cổ phần Chứng khoán Guotai Haitong (Việt Nam),GUOTAI HAITONG SECURITIES (VIETNAM) CORP.,https://gtjai.com.vn,https://gtjai.com.vn/quan-he-co-dong,Tài chính,Dịch vụ Tài chính / Chứng khoán,VN000000IVS5,6400,Đang giao dịch
KDM,HNX,Công ty cổ phần Tập đoàn GCL,GCL Group Joint Stock Company,https://gclgroup.vn,https://gclgroup.vn/quan-he-co-dong,Khác / Chưa phân loại,Chưa phân loại,VN000000KDM2,21100,Đang giao dịch
KHS,HNX,Công ty cổ phần Kiên Hùng,Kien Hung Joint Stock Company,http://kihuseavn.com,http://kihuseavn.com/quan-he-co-dong,Khác / Chưa phân loại,Chưa phân loại,VN000000KHS0,12900,Đang giao dịch
KKC,HNX,Công ty cổ phần Tập đoàn Thành Thái,Thanh Thai Group Joint Stock Company,https://thanhthaigroup.com.vn,https://thanhthaigroup.com.vn/quan-he-co-dong,Công nghiệp,Cơ khí & Chế tạo,VN000000KKC8,6000,Đang giao dịch
KMT,HNX,Công ty Cổ phần Kim Khí Miền Trung,Central Vietnam Metal Corporation,https://cevimetal.com.vn,https://cevimetal.com.vn/quan-he-co-dong,Nguyên vật liệu,Thép & Kim loại,VN000000KMT8,13200,Đang giao dịch
KSD,HNX,Công ty Cổ phần Đầu tư DNA,DNA Investment Joint Stock Company,http://hangermetal.com,http://hangermetal.com/quan-he-co-dong,Tài chính,Ngân hàng,VN000000KSD9,5800,Đang giao dịch
KSF,HNX,Công ty Cổ phần Tập đoàn Sunshine,Sunshine Group JSC,https://sunshinegroup.vn,https://sunshinegroup.vn/quan-he-co-dong,Khác / Chưa phân loại,Chưa phân loại,VN000000KSF4,82400,Đang giao dịch
KST,HNX,Công ty Cổ phần KASATI,KASATI JSC,http://kasati.com.vn,http://kasati.com.vn/quan-he-co-dong,Công nghệ Thông tin,Phần mềm & Dịch vụ CNTT,VN000000KST5,12400,Đang giao dịch
KSV,HNX,Tong Cong ty Khoang san TKV-CTCP,Vinacomin - Minerals Holding Corporation,https://vimico.vn,https://vimico.vn/quan-he-co-dong,Khác / Chưa phân loại,Chưa phân loại,VN000000KSV1,111200,Đang giao dịch
KTS,HNX,Cổ phiếu CTCP Đường Kon Tum,Kon Tum Sugar JSC,http://ktsduongkontum.vn,http://ktsduongkontum.vn/quan-he-co-dong,Hàng tiêu dùng,Thực phẩm & Đồ uống,VN000000KTS5,21000,Đang giao dịch
L14,HNX,L14 - Công ty Cổ phần LICOGI 14,Licogi 14 JSC,https://licogi14.vn,https://licogi14.vn/quan-he-co-dong,Bất động sản,Bất động sản dân dụng,VN000000L144,19500,Đang giao dịch
L18,HNX,Công ty cổ phần Đầu tư và Xây dựng số 18,Investment and Construction JSC No.18,https://licogi18.com.vn,https://licogi18.com.vn/quan-he-co-dong,Công nghiệp,Xây dựng & Vật liệu,VN000000L185,14800,Đang giao dịch
L40,HNX,Công ty cổ phần đầu tư và xây dựng 40,40 Investment and Construction Joint Stock Company,https://l40.com.vn,https://l40.com.vn/quan-he-co-dong,Công nghiệp,Xây dựng & Vật liệu,VN000000L409,20600,Đang giao dịch
LAS,HNX,Cổ phiếu Công ty Cổ phần Supe Phốt phát và Hóa chất Lâm Thao,Lam Thao Fertilizers & Chemicals Joint Stock Company,https://supelamthao.vn,https://supelamthao.vn/quan-he-co-dong,Nguyên vật liệu,Hóa chất & Phân bón,VN000000LAS3,11900,Đang giao dịch
LBE,HNX,Công ty cổ phần Thương mại và Dịch vụ LVA,LVA Trading and Services JSC,https://lva.com.vn,https://lva.com.vn/quan-he-co-dong,Dịch vụ tiêu dùng & Bán lẻ,Truyền thông & Xuất bản,VN000000LBE1,14900,Đang giao dịch
LCD,HNX,Công ty cổ phần Lắp máy - Thí nghiệm Cơ Điện,Erection Electromechanics Testing JSC,https://emetc.com.vn,https://emetc.com.vn/quan-he-co-dong,Tiện ích cộng đồng,Sản xuất & Phân phối Điện,VN000000LCD1,19600,Đang giao dịch
LDP,HNX,Cổ phiếu CTCP Dược Lâm Đồng - Ladophar,Lam Dong Pharmaceutical JSC,https://ladophar.com,https://ladophar.com/quan-he-co-dong,Y tế & Chăm sóc sức khỏe,Dược phẩm,VN000000LDP3,7900,Đang giao dịch
LHC,HNX,Cổ phiếu CTCP Đầu tư và xây dựng thủy lợi Lâm Đồng,Lam Dong investment hydraulic construction JSC,https://lhc.com.vn,https://lhc.com.vn/quan-he-co-dong,Công nghiệp,Xây dựng & Vật liệu,VN000000LHC2,46900,Đang giao dịch
LIG,HNX,Cổ phiếu CTCP LICOGI13,LICOGI 13 Joint Stock Company,https://licogi13.com.vn,https://licogi13.com.vn/quan-he-co-dong,Công nghiệp,Xây dựng & Vật liệu,VN000000LIG1,3000,Đang giao dịch
MAC,HNX,Công ty Cổ phần Tập đoàn Macstar,Macstar Group Corporation,http://maserco.com.vn,http://maserco.com.vn/quan-he-co-dong,Công nghiệp,Vận tải & Logistics,VN000000MAC5,11200,Đang giao dịch
MAS,HNX,Cổ phiếu CTCP Dịch vụ Hàng không Sân bay Đà Nẵng,Danang Airports Services Joint-Stock Company,https://masco.com.vn,https://masco.com.vn/quan-he-co-dong,Công nghiệp,Cơ khí & Chế tạo,VN000000MAS1,30600,Đang giao dịch
MBG,HNX,Công ty cổ phần Tập đoàn MBG,MBG Group Joint Stock Company,http://mbg.vn,http://mbg.vn/quan-he-co-dong,Khác / Chưa phân loại,Chưa phân loại,VN000000MBG4,2300,Đang giao dịch
MBS,HNX,CTCP Chung khoan MB,MB Securities Joint Stock Company,https://mbs.com.vn,https://mbs.com.vn/quan-he-co-dong,Tài chính,Dịch vụ Tài chính / Chứng khoán,VN000000MBS9,17100,Đang giao dịch
MCC,HNX,Cổ phiếu CTCP Gạch ngói cao cấp,High - Grade Brick - Tile Corporation,http://gachngoicaocap.com,http://gachngoicaocap.com/quan-he-co-dong,Công nghiệp,Xây dựng & Vật liệu,VN000000MCC1,13200,Đang giao dịch
MCF,HNX,Cổ phếu CTCP Xây lắp Cơ khí & Lương thực Thực phẩm,Mechannics Construction and Foodstuff JSC,http://mecofood.com.vn,http://mecofood.com.vn/quan-he-co-dong,Hàng tiêu dùng,Thực phẩm & Đồ uống,VN000000MCF4,7100,Đang giao dịch
MCO,HNX,Công ty cổ phần Đầu tư và Xây dựng BDC Việt Nam,BDC Vietnam Investment and Construction JSC,http://mcovietnam.com.vn,http://mcovietnam.com.vn/quan-he-co-dong,Công nghiệp,Xây dựng & Vật liệu,VN000000MCO6,4800,Đang giao dịch
MDC,HNX,Công ty cổ phần Than Mông Dương Vinacomin,Vinacomin - Mong Duong Coal JSC,https://thanmongduong.vn,https://thanmongduong.vn/quan-he-co-dong,Nguyên vật liệu,Khai khoáng & Than đá,VN000000MDC9,8200,Đang giao dịch
MED,HNX,CTCP Dược Trung Ương Mediplantex,Mediplantex National Pharmaceutical Joint Stock Company,https://mediplantex.com,https://mediplantex.com/quan-he-co-dongNVBNg,Y tế & Chăm sóc sức khỏe,Dược phẩm,VN000000MED5,18400,Đang giao dịch
MEL,HNX,CTCP Thép Mê Lin,Me Lin Steel Joint Stock Company,https://melinsteel.vn,https://melinsteel.vn/quan-he-co-dong,Nguyên vật liệu,Thép & Kim loại,VN000000MEL8,6000,Đang giao dịch
MIC,HNX,Cổ phiếu CTCP Kỹ nghệ Khoáng sản Quảng Nam,Quang Nam Mineral Industry Corporation,https://minco.com.vn,https://minco.com.vn/quan-he-co-dong,Nguyên vật liệu,Khai khoáng & Than đá,VN000000MIC8,9000,Đang giao dịch
MKV,HNX,Cổ phiếu CTCP dược thú y Cai Lậy,Cai Lay Veterinary Pharmaceutical JSC,http://mekovet.com.vn,http://mekovet.com.vn/quan-he-co-dong,Y tế & Chăm sóc sức khỏe,Dược phẩm,VN000000MKV4,13200,Đang giao dịch
MST,HNX,Công ty cổ phần Đầu tư MST,MST Investment Joint Stock Company,https://mstgroup.vn,https://mstgroup.vn/quan-he-co-dong,Công nghiệp,Xây dựng & Vật liệu,VN000000MST1,10200,Đang giao dịch
MVB,HNX,TCT Cong nghiep mo Viet Bac TKV,Vinacomin - VietBac Mining Industry Holding Corporation,https://congnghiepmovietbac.vn,https://congnghiepmovietbac.vn/co-dong,Nguyên vật liệu,Khai khoáng & Than đá,VN000000MVB3,14200,Đang giao dịch
NAG,HNX,Công ty cổ phần Tập đoàn Nagakawa Việt Nam,Nagakawa Group JSC,https://nagakawa.com.vn,https://nagakawa.com.vn/quan-he-co-dong,Khác / Chưa phân loại,Chưa phân loại,VN000000NAG4,7000,Đang giao dịch
NAP,HNX,CTCP Cang Nghe Tinh,Nghetinh Port Joint Stock Company,https://nghetinhport.vn,https://nghetinhport.vn/quan-he-co-dong,Khác / Chưa phân loại,Chưa phân loại,VN000000NAP5,10100,Đang giao dịch
NBC,HNX,Công ty cổ phần Than Núi Béo - Vinacomin,Vinacomin - Nui Beo Coal JSC,http://nuibeo.com.vn,http://nuibeo.com.vn/quan-he-co-dong,Nguyên vật liệu,Khai khoáng & Than đá,VN000000NBC1,7500,Đang giao dịch
NBP,HNX,Cổ phiếu CTCP Nhiệt điện Ninh Bình,Ninhbinh Thermal Power JSC,https://nbtpc.com.vn,https://nbtpc.com.vn/quan-he-co-dong,Nguyên vật liệu,Khai khoáng & Than đá,VN000000NBP3,7200,Đang giao dịch
NBW,HNX,Cổ phiếu CTCP Cấp nước Nhà Bè,Nha Be Water Supply Joint Stock Company,https://capnuocnhabe.vn,https://capnuocnhabe.vn/quan-he-co-dong,Bất động sản,Bất động sản dân dụng,VN000000NBW9,29000,Đang giao dịch
NDN,HNX,Cổ phiếu công ty Cổ phần Đầu tư Phát triển Nhà Đà Nẵng,Danang Housing Investment Development Joint Stock Company,https://ndn.com.vn,https://ndn.com.vn/quan-he-co-dong,Bất động sản,Bất động sản dân dụng,VN000000NDN4,8600,Đang giao dịch
NDX,HNX,Cổ phiếu CTCP xây lắp phát triển nhà Đà Nẵng,Danang Housing Development Joint stock company,https://ndx.com.vn,https://ndx.com.vn/quan-he-co-dong,Bất động sản,Bất động sản dân dụng,VN000000NDX3,6500,Đang giao dịch
NET,HNX,Cổ phiếu Công ty Cổ phần Bột giặt NET,Net Detergent JSC,http://netcovn.com.vn,http://netcovn.com.vn/quan-he-co-dong,Khác / Chưa phân loại,Chưa phân loại,VN000000NET9,61000,Đang giao dịch
NFC,HNX,NFC-CTCP Phân lân Ninh Bình,Ninh Binh Phosphate Fertilizer Joint Stock Company,http://niferco.com.vn,http://niferco.com.vn/quan-he-co-dong,Nguyên vật liệu,Hóa chất & Phân bón,VN000000NFC2,52000,Đang giao dịch
NHC,HNX,Cổ  Phiếu CTCP Gạch ngói Nhị Hiệp,Nhi Hiep Brick-Tile Co-Operation,https://gachngoinhihiep.com,https://gachngoinhihiep.com/quan-he-co-dong,Công nghiệp,Xây dựng & Vật liệu,VN000000NHC8,20100,Đang giao dịch
NRC,HNX,Công ty cổ phần Tập đoàn Danh Khôi,Danh Khoi Group Joint Stock Company,https://nrc.com.vn,https://nrc.com.vn/quan-he-co-dong,Bất động sản,Bất động sản dân dụng,VN000000NRC7,4600,Đang giao dịch
NSH,HNX,Công ty cổ phần Tập đoàn Nhôm Sông Hồng Shalumi,Song Hong Aluminum Shalumi Group Joint Stock Company,https://shalumi.com.vn,https://shalumi.com.vn/quan-he-co-dong,Công nghiệp,Cơ khí & Chế tạo,VN000000NSH4,4200,Đang giao dịch
NST,HNX,Cổ phiếu CTCP Ngân Sơn,Ngan Son JSC,https://nganson.vn,https://nganson.vn/quan-he-co-dong,Công nghiệp,Cơ khí & Chế tạo,VN000000NST9,12400,Đang giao dịch
NTH,HNX,CTCP Thủy điện Nước Trong,Nuoc trong Hydro-Power Joint Stock Company,http://thuydiennuoctrong.com.vn,http://thuydiennuoctrong.com.vn/quan-he-co-dong,Tiện ích cộng đồng,Sản xuất & Phân phối Điện,VN000000NTH2,50000,Đang giao dịch
NTP,HNX,Cổ phiếu CTCP Nhựa thiếu niên -Tiền Phong,Tien Phong Plastic JSC,https://nhuatienphong.vn,https://nhuatienphong.vn/quan-he-co-dong,Nguyên vật liệu,Hóa chất & Phân bón,VN000000NTP5,52300,Đang giao dịch
NVB,HNX,Ngân hàng Thương mại cổ phần Quốc Dân,National Citizen Commercial Joint Stock Bank,https://ncb-bank.vn,https://ncb-bank.vn/quan-he-nha-dau-tu,Tài chính,Ngân hàng,VN000000NVB1,11800,Đang giao dịch
OCH,HNX,Công ty cổ phần One Capital Hospitality,One Capital Joint Stock Company,http://och.vn,http://och.vn/quan-he-co-dong,Khác / Chưa phân loại,Chưa phân loại,VN000000OCH6,6500,Đang giao dịch
ONE,HNX,Công ty cổ phần Công nghệ ONE,One Communication Technology Corporation,http://one.com.vn,http://one.com.vn/quan-he-co-dong,Công nghệ Thông tin,Phần mềm & Dịch vụ CNTT,VN000000ONE0,9500,Đang giao dịch
PBP,HNX,CTCP Bao bì Dầu khí Việt Nam,PetroVietnam Packaging Joint Stock Company,https://pbp.vn,https://pbp.vn/quan-he-co-dong,Dầu khí & Năng lượng,Thăm dò & Khai thác Dầu khí,VN000000PBP8,11800,Đang giao dịch
PCE,HNX,CTCP Phan bon va Hoa chat Dau khi Mien Trung,Central PetroVietnam Fertilizer And Chemicals Joint Stock Company,https://pce.vn,https://pce.vn/quan-he-co-dong,Khác / Chưa phân loại,Chưa phân loại,VN000000PCE0,19500,Đang giao dịch
PCH,HNX,Công Ty Cổ phần Picomat Holding,Picomat Holding Joint Stock Company,https://picomat.com.vn,https://picomat.com.vn/quan-he-co-dong,Khác / Chưa phân loại,Chưa phân loại,VN000000PCH3,18200,Đang giao dịch
PCT,HNX,Công ty cổ phần Vận tải biển Global Pacific,Global Pacific Shipping JSC,https://pct.com.vn,https://pct.com.vn/quan-he-co-dong,Công nghiệp,Vận tải & Logistics,VN000000PCT8,10100,Đang giao dịch
PDB,HNX,Công ty Cổ phần Tập đoàn Đầu tư Din Capital,DIN Capital Investment Group Joint Stock Company,https://dincapital.com,https://dincapital.com/quan-he-co-dong,Công nghiệp,Xây dựng & Vật liệu,VN000000PDB4,24100,Đang giao dịch
PEN,HNX,CTCP Xây lắp III Petrolimex,Petrolimex Installation No.III Joint Stock Company,https://penjico.petrolimex.com.vn,https://penjico.petrolimex.com.vn/quan-he-co-dong,Công nghiệp,Xây dựng & Vật liệu,VN000000PEN7,10500,Đang giao dịch
PGN,HNX,CTCP Phu Gia Nhua,Plastic Additives Joint Stock Company,https://pgn.com.vn,https://pgn.com.vn/quan-he-co-dong,Khác / Chưa phân loại,Chưa phân loại,VN000000PGN2,5900,Đang giao dịch
PGS,HNX,Công ty cổ phần Kinh doanh Khí miền Nam,Southern Gas Trading Joint Stock Company,http://pgs.com.vn,http://pgs.com.vn/quan-he-co-dong,Khác / Chưa phân loại,Chưa phân loại,VN000000PGS1,67500,Đang giao dịch
PGT,HNX,Công ty cổ phần PGT HOLDINGS,PGT Holdings JSC,https://pgt-holdings.com,https://pgt-holdings.com/quan-he-co-dong,Khác / Chưa phân loại,Chưa phân loại,VN000000PGT9,6300,Đang giao dịch
PHN,HNX,Công ty cổ phần Pin Hà Nội,Ha Noi Battery Joint Stock Company,https://habaco.vn,https://habaco.vn/quan-he-co-dong,Tiện ích cộng đồng,Sản xuất & Phân phối Điện,VN000000PHN0,55500,Đang giao dịch
PIA,HNX,CTCP Tin hoc Vien thong Petrolimex,Petrolimex Information Technology and Telecommunication Joint Stock Company,http://piacom.com.vn,http://piacom.com.vn/quan-he-co-dong,Khác / Chưa phân loại,Chưa phân loại,VN000000PIA5,29200,Đang giao dịch
PIC,HNX,CTCP Dau tu Dien luc 3,PC3 Investment Joint Stock Company,https://pc3invest.cpc.vn,https://pc3invest.cpc.vn/quan-he-co-dong,Tiện ích cộng đồng,Sản xuất & Phân phối Điện,VN000000PIC1,13900,Đang giao dịch
PJC,HNX,Cổ phiếu CTCP Thương mại và Vận tải Petrolimex Hà Nội (Petajico HaNoi),Petrolimex Hanoi Transportation and Trading Joint Stock Company,https://petajicohanoi.petrolimex.com.vn,https://petajicohanoi.petrolimex.com.vn/quan-he-co-dong,Công nghiệp,Vận tải & Logistics,VN000000PJC9,31500,Đang giao dịch
PLC,HNX,Cổ phiếu Tổng Công ty Hóa dầu Petrolimex - CTCP,Petrolimex Petrochemical Corporation -JSC,https://plc.petrolimex.com.vn,https://plc.petrolimex.com.vn/quan-he-co-dong,Nguyên vật liệu,Hóa chất & Phân bón,VN000000PLC5,19400,Đang giao dịch
PMB,HNX,CTCP Phan bon va Hoa chat Dau khi Mien Bac,North Petro Vietnam Fertilizer & Chemicals Joint Stock Company,https://pmb.vn,https://pmb.vn/quan-he-co-dong,Khác / Chưa phân loại,Chưa phân loại,VN000000PMB5,9800,Đang giao dịch
PMC,HNX,Cổ phiếu CTCP Dược phẩm dược liệu Pharmedic,Pharmedic Pharmaceutical Medicinal JSC,https://pharmedic.com.vn,https://pharmedic.com.vn/quan-he-co-dong,Y tế & Chăm sóc sức khỏe,Dược phẩm,VN000000PMC3,120000,Đang giao dịch
PMP,HNX,CTCP Bao bi Dam Phu My,Dam Phu My Packaging Joint Stock Company,https://dpmp.vn,https://dpmp.vn/quan-he-co-dong,Khác / Chưa phân loại,Chưa phân loại,VN000000PMP5,13000,Đang giao dịch
PMS,HNX,Cổ phiếu công ty cổ phần Cơ khí Xăng Dầu,Petroleum Mechanical Stock Company,https://pms.petrolimex.com.vn,https://pms.petrolimex.com.vn/quan-he-co-dong,Dầu khí & Năng lượng,Thăm dò & Khai thác Dầu khí,VN000000PMS9,34500,Đang giao dịch
POT,HNX,Cổ phiếu CTCP Thiết bị Bưu điện,Post and Telecommunication Equipment JSC,http://postef.com.vn,http://postef.com.vn/quan-he-co-dong,Tiện ích cộng đồng,Sản xuất & Phân phối Điện,VN000000POT3,21900,Đang giao dịch
PPE,HNX,Công ty cổ phần Tư vấn Đầu Tư PP Enterprise,PP Enterprise Investment Consultancy Joint Stock Company,https://pvpe.vn,https://pvpe.vn/quan-he-co-dong,Khác / Chưa phân loại,Chưa phân loại,VN000000PPE2,17500,Đang giao dịch
PPP,HNX,Cổ phiếu CTCP Dược phẩm Phong Phú,Phong Phu Pharmaceutical JSC,https://duocphongphu.com.vn,https://duocphongphu.com.vn/quan-he-co-dong,Y tế & Chăm sóc sức khỏe,Dược phẩm,VN000000PPP8,18500,Đang giao dịch
PPS,HNX,PPS - Công ty Cổ phần Dịch vụ Kỹ thuật Điện lực Dầu khí Việt Nam,Petrovietnam Power Services JSC,https://pps.pvpower.vn,https://pps.pvpower.vn/quan-he-co-dong,Tiện ích cộng đồng,Sản xuất & Phân phối Điện,VN000000PPS2,10400,Đang giao dịch
PPT,HNX,CTCP Petrotimes,Petro Times Joint Stock Company,https://petrotimesgroup.com,https://petrotimesgroup.com/quan-he-co-dong,Công nghiệp,Vận tải & Logistics,VN000000PPT0,15100,Đang giao dịch
PPY,HNX,CTCP Xang Dau Dau khi Phu Yen,PetroVietnam Oil Phu Yen Joint Stock Company,https://pvsoilphuyen.com.vn,https://pvsoilphuyen.com.vn/quan-he-co-dong,Dầu khí & Năng lượng,Thăm dò & Khai thác Dầu khí,VN000000PPY0,7000,Đang giao dịch
PRC,HNX,Công ty cổ phần Logistics Portserco,Portserco JSC,http://portserco.com,http://portserco.com/quan-he-co-dong,Công nghiệp,Vận tải & Logistics,VN000000PRC2,10200,Đang giao dịch
PRE,HNX,Công ty cổ phần Tái bảo hiểm Hà Nội,PVI Reinsurance Joint-stock Corporation,https://hanoire.com,https://hanoire.com/quan-he-co-dong,Tài chính,Bảo hiểm,VN000000PRE8,29800,Đang giao dịch
PSC,HNX,Cổ phiếu CTCP Vận tải và Dịch vụ Petrolimex Sài Gòn,Petrolimex Saigon Transportation and Service Joint Stock Company,https://ptssaigon.petrolimex.com.vn,https://ptssaigon.petrolimex.com.vn/quan-he-co-dong,Công nghiệp,Vận tải & Logistics,VN000000PSC0,9600,Đang giao dịch
PSD,HNX,Cổ phiếu Công ty cổ phần Dịch vụ Phân phối Tổng hợp Dầu khí,Petroleum General Distribution Services Joint Stock Company,https://psd.com.vn,https://psd.com.vn/quan-he-co-dong,Dầu khí & Năng lượng,Thăm dò & Khai thác Dầu khí,VN000000PSD8,11700,Đang giao dịch
PSE,HNX,CTCP Phân bón và Hóa chất Dầu khí Đông Nam Bộ,South-East PetroVietnam Fertilizer and Chemicals Joint Stock Company,https://pse.vn,https://pse.vn/quan-he-co-dong,Nguyên vật liệu,Hóa chất & Phân bón,VN000000PSE6,10700,Đang giao dịch
PSI,HNX,PSI - Cổ phiếu Công ty Cổ phần Chứng khoán Dầu Khí,Petrovietnam Securities Incorporated,https://psi.vn,https://psi.vn/quan-he-co-dong,Tài chính,Dịch vụ Tài chính / Chứng khoán,VN000000PSI7,8400,Đang giao dịch
PSW,HNX,PSW - CTCP Phan Bon va Hoa Chat Dau khi Tay Nam Bo,South – West PetroVietnam Fertilizer and Chemicals Joint Stock Company,https://psw.vn,https://psw.vn/quan-he-co-dong,Nguyên vật liệu,Hóa chất & Phân bón,VN000000PSW8,7400,Đang giao dịch
PTD,HNX,PTD - CTCP Thiết kế Xây dựng Thương mại Phúc Thịnh,Phuc Thinh Design Construction Trading Corporation,https://phucthinh.com.vn,https://phucthinh.com.vn/quan-he-co-dong,Công nghiệp,Xây dựng & Vật liệu,VN000000PTD6,6100,Đang giao dịch
PTI,HNX,PTI - Tổng CTCP Bảo hiểm Bưu điện,Post & Telecommunication Joint Stock Insurance Corporation,https://pti.com.vn,https://pti.com.vn/quan-he-co-dong,Tài chính,Bảo hiểm,VN000000PTI5,19200,Đang giao dịch
PTS,HNX,Cổ phiếu CTCP Vận tải và Dịch vụ Petrolimex Hải Phòng,Hai Phong Petrolimex Transportation and Services Joint Stock Company,https://ptshaiphong.petrolimex.com.vn,https://ptshaiphong.petrolimex.com.vn/quan-he-co-dong,Công nghiệp,Vận tải & Logistics,VN000000PTS4,9700,Đang giao dịch
PTX,HNX,CTCP Van tai va Dich vu Petrolimex Nghe Tinh,Petrolimex Nghe Tinh Transportation and Service Joint Stock Company,https://ptx.petrolimex.com.vn,https://ptx.petrolimex.com.vn/quan-he-co-dong,Công nghiệp,Vận tải & Logistics,VN000000PTX4,21700,Đang giao dịch
PV2,HNX,Công ty cổ phần GENEA CAPITAL,GENEA CAPTITAL Joint Stock Company,http://pv2.com.vn,http://pv2.com.vn/quan-he-co-dong,Tài chính,Ngân hàng,VN000000PV26,1800,Đang giao dịch
PVB,HNX,Cổ phiếu CTCP Bọc ống dầu khí Việt Nam,PetroVietnam Coating Joint Stock Company,https://pvcoating.vn,https://pvcoating.vn/quan-he-co-dong,Dầu khí & Năng lượng,Thăm dò & Khai thác Dầu khí,VN000000PVB6,21700,Đang giao dịch
PVC,HNX,Cổ phiếu Tổng Công ty Hóa chất và Dịch vụ Dầu khí - CTCP (PVChem),Petrovietnam Chemical and Services Corporation,https://pvcc.com.vn,https://pvcc.com.vn/quan-he-co-dong,Dầu khí & Năng lượng,Thăm dò & Khai thác Dầu khí,VN000000PVC4,12200,Đang giao dịch
PVG,HNX,Công ty cổ phần Kinh doanh LPG Việt Nam,Petrovietnam LPG Joint Stock Company,http://pvgaslpg.vn,http://pvgaslpg.vn/quan-he-co-dong,Dịch vụ tiêu dùng & Bán lẻ,Bán lẻ tổng hợp,VN000000PVG5,5700,Đang giao dịch
PVI,HNX,Công ty cổ phần PVI,PVI Holdings,https://pvi.com.vn,https://pvi.com.vn/quan-he-co-dong,Tài chính,Bảo hiểm,VN000000PVI1,66000,Đang giao dịch
PVS,HNX,Cổ phiếu Tổng CTCP Dịch Vụ Kỹ Thuật Dầu Khí Việt Nam,Petro Vietnam Technical Services Corporation,https://ptsc.com.vn,https://ptsc.com.vn/quan-he-co-dong,Dầu khí & Năng lượng,Thăm dò & Khai thác Dầu khí,VN000000PVS0,38400,Đang giao dịch
QHD,HNX,Cổ phiếu công ty cổ phần Que hàn điện Việt Đức,Viet - Duc Welding Electrode Joint Stock Company,https://quehanvietduc.com.vn,https://quehanvietduc.com.vn/quan-he-co-dong,Tiện ích cộng đồng,Sản xuất & Phân phối Điện,VN000000QHD9,49000,Đang giao dịch
QST,HNX,Cổ phiếu CTCP Sách và thiết bị trường học Quảng Ninh,Quang Ninh Book and Educational Equipment Joint Stock Company,http://sachquangninh.vn,http://sachquangninh.vn/quan-he-co-dong,Khác / Chưa phân loại,Chưa phân loại,VN000000QST2,24000,Đang giao dịch
QTC,HNX,Cổ phiếu CTCP Công trình GTVT Quảng Nam,Quang Nam Transportation Construction JSC,https://gtvtquangnam.com,https://gtvtquangnam.com/quan-he-co-dong,Công nghiệp,Xây dựng & Vật liệu,VN000000QTC6,31000,Đang giao dịch
RCL,HNX,Cổ phiếu CTCP Địa ốc Chợ Lớn,Cho Lon Real Estate JSC,https://cholonres.com.vn,https://cholonres.com.vn/quan-he-co-dong,Bất động sản,Bất động sản dân dụng,VN000000RCL1,11300,Đang giao dịch
S55,HNX,Cổ phiếu CTCP Sông Đà 505,Song Da 5.05 JSC,https://songda505.com.vn,https://songda505.com.vn/quan-he-co-dong,Khác / Chưa phân loại,Chưa phân loại,VN000000S552,66000,Đang giao dịch
S99,HNX,Công ty cổ phần SCI,SCI Joint Stock Company,http://sci.pro.vn,http://sci.pro.vn/quan-he-co-dong,Công nghiệp,Xây dựng & Vật liệu,VN000000S990,7500,Đang giao dịch
SAF,HNX,Cổ phiếu CTCP Lương thực Thực phẩm Safoco,Safoco Foodstuff Joint Stock Company,http://safocofood.com,http://safocofood.com/quan-he-co-dong,Hàng tiêu dùng,Thực phẩm & Đồ uống,VN000000SAF5,56900,Đang giao dịch
SCG,HNX,Công ty cổ phần Tập đoàn Xây dựng SCG,SCG Construction Group Joint Stock Company,https://scgr.vn,https://scgr.vn/quan-he-co-dong,Công nghiệp,Xây dựng & Vật liệu,VN000000SCG9,65300,Đang giao dịch
SCI,HNX,Công ty cổ phần SIC E&C,SCI E&C Joint Stock Company,https://scigroup.vn,https://scigroup.vn/quan-he-co-dong,Khác / Chưa phân loại,Chưa phân loại,VN000000SCI5,10300,Đang giao dịch
SD5,HNX,Cổ phiếu CTCP Sông Đà 5,Song Da No. 5 JSC,http://songda5.com.vn,http://songda5.com.vn/quan-he-co-dong,Khác / Chưa phân loại,Chưa phân loại,VN000000SD58,7000,Đang giao dịch
SD9,HNX,Cổ phiếu CTCP Sông Đà 9,Song Da No 9 JSC,http://songda9.com,http://songda9.com/quan-he-co-dong,Khác / Chưa phân loại,Chưa phân loại,VN000000SD90,10500,Đang giao dịch
SDC,HNX,Cổ phiếu Công ty Cổ phần Tư vấn Sông Đà,Song Da Consulting JSC,https://sdcc.com.vn,https://sdcc.com.vn/quan-he-co-dong,Công nghiệp,Xây dựng & Vật liệu,VN000000SDC6,6900,Đang giao dịch
SDG,HNX,Cổ phiếu Công ty cổ phần Sadico Cần Thơ,Can Tho Sadico Joint Stock Corporation,http://sadico.com.vn,http://sadico.com.vn/quan-he-co-dong,Công nghiệp,Xây dựng & Vật liệu,VN000000SDG7,6300,Đang giao dịch
SDN,HNX,Cổ phiếu CTCP Sơn Đồng Nai,Dongnai Paint Corporation,https://dongnaipaint.com.vn,https://dongnaipaint.com.vn/quan-he-co-dong,Khác / Chưa phân loại,Chưa phân loại,VN000000SDN3,20000,Đang giao dịch
SDU,HNX,Công ty cổ phần Đầu tư xây dựng và phát triển đô thị Sông Đà,Song Da Urban Investment Constr. and Dev. Joint Stock Company,http://dothisongda.com.vn,http://dothisongda.com.vn/quan-he-co-dong,Bất động sản,Bất động sản dân dụng,VN000000SDU8,7300,Đang giao dịch
SEB,HNX,Cổ phiếu Công ty CP Đầu tư và Phát triển Điện Miền Trung,Mien Trung Power Investment and Development JSC,http://mientrungpid.com.vn,http://mientrungpid.com.vn/quan-he-co-dong,Tiện ích cộng đồng,Sản xuất & Phân phối Điện,VN000000SEB6,41000,Đang giao dịch
SED,HNX,Cổ phiếu CTCP Đầu tư và Phát triển Giáo dục Phương Nam,Phuong Nam Education Investment and Development JSC,https://phuongnam.edu.vn,https://phuongnam.edu.vn/quan-he-co-dong,Khác / Chưa phân loại,Chưa phân loại,VN000000SED2,15200,Đang giao dịch
SFN,HNX,Cổ phiếu CTCP Dệt lưới Sài Gòn,Saigon Fishing Net Joint Stock Company,http://sfn.vn,http://sfn.vn/quan-he-co-dong,Hàng tiêu dùng,Hàng cá nhân & May mặc,VN000000SFN8,18300,Đang giao dịch
SGC,HNX,cổ phiếu CTCP Xuất nhập khẩu Sa Giang,Sa Giang Import Export Corporation,https://sagiang.com.vn,https://sagiang.com.vn/quan-he-co-dong,Khác / Chưa phân loại,Chưa phân loại,VN000000SGC9,105000,Đang giao dịch
SGD,HNX,Cổ phiếu CTCP Sách giáo dục tại Tp.HCM,Educational Book JSC in Ho Chi Minh City,http://sgd.edu.vn,http://sgd.edu.vn/quan-he-co-dong,Khác / Chưa phân loại,Chưa phân loại,VN000000SGD7,12700,Đang giao dịch
SGH,HNX,Cổ phiếu CTCP Khách sạn Sài Gòn,SaiGon Hotel Corporation,https://saigonhotel.com.vn,https://saigonhotel.com.vn/quan-he-co-dong,Công nghiệp,Cơ khí & Chế tạo,VN000000SGH8,17400,Đang giao dịch
SHE,HNX,CTCP Phat trien nang luong Son Ha,Son Ha Development of Renewable Energy Joint Stock Company,http://thaiduongnang.com.vn,http://thaiduongnang.com.vn/quan-he-co-dong,Khác / Chưa phân loại,Chưa phân loại,VN000000SHE3,6200,Đang giao dịch
SHN,HNX,Cổ phiếu CTCP Đầu tư Tổng hợp Hà Nội,Hanoi Investment General Corporation,https://shn.com.vn,https://shn.com.vn/quan-he-co-dong,Bất động sản,Bất động sản dân dụng,VN000000SHN4,6900,Đang giao dịch
SHS,HNX,Cổ phiếu CTCP Chứng khoán Sài Gòn - Hà Nội,Saigon - Hanoi Securities JSC,https://shs.com.vn,https://shs.com.vn/quan-he-co-dong,Tài chính,Dịch vụ Tài chính / Chứng khoán,VN000000SHS3,14900,Đang giao dịch
SJ1,HNX,Công ty Cổ phần Nông nghiệp Hùng Hậu,Hung Hau Agricultural Corporation,https://himex.vn,https://himex.vn/quan-he-co-dong,Hàng tiêu dùng,Thực phẩm & Đồ uống,VN000000SJ11,17400,Đang giao dịch
SJE,HNX,Cổ phiếu CTCP Sông Đà 11,Song Da No. 11 JSC,https://songda11.com.vn,https://songda11.com.vn/quan-he-co-dong,Khác / Chưa phân loại,Chưa phân loại,VN000000SJE9,11900,Đang giao dịch
SLS,HNX,SLS - Công ty cổ phần Mía đường Sơn La,Son La Sugar Joint Stock Company,https://miaduongsonla.vn,https://miaduongsonla.vn/quan-he-co-dong,Hàng tiêu dùng,Thực phẩm & Đồ uống,VN000000SLS5,148000,Đang giao dịch
SMN,HNX,SMN - CTCP Sach va Thiet bi Giao duc Mien nam,South Books & Educationnal Equipment JSC,https://sobee.vn,https://sobee.vn/quan-he-co-dong,Khác / Chưa phân loại,Chưa phân loại,VN000000SMN4,6400,Đang giao dịch
SMT,HNX,Công ty Cổ phần Sametel,Sametel Corporation,https://sametel.com.vn,https://sametel.com.vn/quan-he-co-dong,Công nghệ Thông tin,Phần mềm & Dịch vụ CNTT,VN000000SMT1,9200,Đang giao dịch
SPC,HNX,SPC - CTCP Bảo vệ Thực vật Sài Gòn,Saigon Plant Protection Joint Stock Company,http://spchcmc.vn,http://spchcmc.vn/quan-he-co-dong,Khác / Chưa phân loại,Chưa phân loại,VN000000SPC0,10000,Đang giao dịch
SRA,HNX,Cổ phiếu CTCP SARA Việt Nam,SARA Vietnam Joint Stock Company,https://sara.com.vn,https://sara.com.vn/quan-he-co-dong,Công nghệ Thông tin,Phần mềm & Dịch vụ CNTT,VN000000SRA0,1700,Tạm ngừng / Khác
SSM,HNX,Cổ phiếu CTCP Chế tạo kết cấu thép VNECO.SSM,Steel Structure Manufacture JSC,http://ssm.com.vn,http://ssm.com.vn/quan-he-co-dong,Nguyên vật liệu,Thép & Kim loại,VN000000SSM3,4500,Đang giao dịch
STC,HNX,"Cổ phiếu CTCP Sách và Thiết bị Trường học tại Tp, HCM",Book and Educational Equipment JSC in Ho Chi Minh city,http://stb.com.vn,http://stb.com.vn/quan-he-co-dong,Khác / Chưa phân loại,Chưa phân loại,VN000000STC2,11200,Đang giao dịch
STP,HNX,Cổ phiếu CTCP Công nghiệp Thương mại Sông Đà,Song Da Industry Trade Joint Stock Company,http://stp.com.vn,http://stp.com.vn/quan-he-co-dong,Dịch vụ tiêu dùng & Bán lẻ,Bán lẻ tổng hợp,VN000000STP4,7800,Đang giao dịch
SVN,HNX,Công ty cổ phần Tập đoàn Vexilla Việt Nam,VEXILLA Viet Nam Group Joint Stock Company,http://solavina.vn,http://solavina.vn/quan-he-co-dong,Công nghiệp,Xây dựng & Vật liệu,VN000000SVN5,3100,Đang giao dịch
SZB,HNX,CTCP Sonadezi Long Binh,Sonadezi Long Binh Shareholding Company,https://szb.com.vn,https://szb.com.vn/quan-he-co-dong,Khác / Chưa phân loại,Chưa phân loại,VN000000SZB1,40300,Đang giao dịch
TA9,HNX,TA9 - CTCP Xay lap Thanh an 96,Thanh An 96 Installation and Construction Joint Stock Company,http://thanhan96.vn,http://thanhan96.vn/quan-he-co-dong,Nguyên vật liệu,Khai khoáng & Than đá,VN000000TA92,10500,Đang giao dịch
TD6,HNX,Cổ phiếu Công ty cổ phần Than Đèo Nai - Cọc Sáu - TKV,Deo Nao-Coc Sau-TKV coal joint stock company,https://thandeonaicocsau.vn,https://thandeonaicocsau.vn/quan-he-co-dong,Nguyên vật liệu,Khai khoáng & Than đá,VN000000TD65,6000,Đang giao dịch
TDT,HNX,CTCP Dau tu va phat trien TDT,TDT Investment and Development Joint Stock Company,http://tdtgroup.vn,http://tdtgroup.vn/quan-he-co-dong,Khác / Chưa phân loại,Chưa phân loại,VN000000TDT8,6900,Đang giao dịch
TET,HNX,Công ty Cổ phần Bất động sản PRISTIE,PRISTIE Real Estate Joint stock Company,http://textaco.vn,http://textaco.vn/quan-he-co-dong,Bất động sản,Bất động sản dân dụng,VN000000TET6,50000,Đang giao dịch
TFC,HNX,CTCP Trang,Trang Corporation Joint Stock Company,https://trangcorporation.vn,https://trangcorporation.vn/quan-he-co-dong,Khác / Chưa phân loại,Chưa phân loại,VN000000TFC9,41900,Đang giao dịch
THB,HNX,Công ty cổ phần Bia Hà Nội - Thanh Hóa,Ha Noi - Thanh Hoa Beer JSC,http://biathanhhoa.com.vn,http://biathanhhoa.com.vn/quan-he-co-dong,Hàng tiêu dùng,Thực phẩm & Đồ uống,VN000000THB7,9100,Đang giao dịch
THD,HNX,CTCP Thaiholdings,Thaiholdings Joint Stock Company,https://thaiholdings.com.vn,https://thaiholdings.com.vn/quan-he-co-dong,Bất động sản,Bất động sản dân dụng,VN000000THD3,134500,Đang giao dịch
THS,HNX,CTCP Thanh Hoa - Sông Đà,Song Da - Thanh Hoa Joint Stock Company,http://thanhhoasongda.com.vn,http://thanhhoasongda.com.vn/quan-he-co-dong,Nguyên vật liệu,Khai khoáng & Than đá,VN000000THS1,9200,Đang giao dịch
THT,HNX,Công ty cổ phần Than Hà Tu - Vinacomin,Vinacomin - Ha Tu Coal JSC,http://hatucoal.vn,http://hatucoal.vn/quan-he-co-dong,Nguyên vật liệu,Khai khoáng & Than đá,VN000000THT9,7100,Đang giao dịch
TIG,HNX,Cổ phiếu CTCP Tập đoàn Đầu tư Thăng Long,Thang Long Investment Group Joint Stock Company,https://tig.vn,https://tig.vn/quan-he-co-dong,Công nghiệp,Cơ khí & Chế tạo,VN000000TIG4,5900,Đang giao dịch
TJC,HNX,Cổ phiếu CTCP Dịch vụ Vận tải và Thương mại,Transportation and Trading Services Joint Stock Company,https://transco.com.vn,https://transco.com.vn/quan-he-co-dong,Công nghiệp,Vận tải & Logistics,VN000000TJC1,9000,Đang giao dịch
TKU,HNX,Cổ phiếu CTCP Công nghiệp Tung Kuang,Tung Kuang Industrial JSC,https://tungkuang.com.vn,https://tungkuang.com.vn/quan-he-co-dong,Công nghiệp,Cơ khí & Chế tạo,VN000000TKU1,10900,Đang giao dịch
TMB,HNX,CTCP Kinh doanh than Mien Bac - Vinacomin,Vinacomin – Northern Coal Trading Joint Stock Company,https://thanmienbac.vn,https://thanmienbac.vn/quan-he-co-dong,Nguyên vật liệu,Khai khoáng & Than đá,VN000000TMB7,47100,Đang giao dịch
TMC,HNX,Cổ phiếu CTCP Thương mại và Xuất nhập khẩu Thủ Đức,Thu Duc Trading and Import - Export Joint Stock Company,http://timexcothuduc.com.vn,http://timexcothuduc.com.vn/quan-he-co-dong,Dịch vụ tiêu dùng & Bán lẻ,Bán lẻ tổng hợp,VN000000TMC5,6400,Đang giao dịch
TMX,HNX,Công ty cổ phần VICEM Thương mại Xi măng,Vicem Cement Trading JSC,https://vicem.vn,https://vicem.vn/quan-he-co-dong,Công nghiệp,Xây dựng & Vật liệu,VN000000TMX1,8500,Đang giao dịch
TNG,HNX,Cổ phiếu CTCP Đầu tư và Thương mại TNG,TNG Investment and Trading JSC,https://tng.vn,https://tng.vn/quan-he-co-dong,Hàng tiêu dùng,Hàng cá nhân & May mặc,VN000000TNG4,16500,Đang giao dịch
TOT,HNX,Công ty cổ phần Transimex Logistics,Transimex Logistics Corporation,https://transimextrans.com.vn,https://transimextrans.com.vn/quan-he-co-dong,Công nghiệp,Vận tải & Logistics,VN000000TOT5,13700,Đang giao dịch
TPP,HNX,Công ty cổ phần Tân Phú Việt Nam,Tan Phu Viet Nam JSC,https://tanphuvietnam.vn,https://tanphuvietnam.vn/quan-he-co-dong,Khác / Chưa phân loại,Chưa phân loại,VN000000TPP0,10500,Đang giao dịch
TSB,HNX,Cổ phiếu CTCP Ắc qui Tia Sáng,Tiasang Battery Joint stock company,http://tiasangbattery.com,http://tiasangbattery.com/quan-he-co-dong,Khác / Chưa phân loại,Chưa phân loại,VN000000TSB4,19800,Đang giao dịch
TTC,HNX,Cổ phiếu CTCP Gạch men Thanh Thanh,Thanh Thanh Joint Stock Company,https://thanhthanhceramic.com,https://thanhthanhceramic.com/quan-he-co-dong,Nguyên vật liệu,Khai khoáng & Than đá,VN000000TTC0,9200,Đang giao dịch
TTH,HNX,CTCP Thuong mai va Dich vu Tien Thanh,Tien Thanh Service and Trading Joint Stock Company,http://tienthanhjsc.vn,http://tienthanhjsc.vn/quan-he-co-dong,Hàng tiêu dùng,Hàng cá nhân & May mặc,VN000000TTH9,2200,Đang giao dịch
TTL,HNX,CTCP Tong cong ty Thang Long,Thang Long Joint Stock Corporation,https://thanglonggroup.vn,https://thanglonggroup.vn/quan-he-co-dong,Nguyên vật liệu,Khai khoáng & Than đá,VN000000TTL1,9000,Đang giao dịch
TTT,HNX,CTCP Du lich-Thuong mai Tay Ninh,Tay Ninh Tourist - Trading Joint Stock Company,http://tanitour.com.vn,http://tanitour.com.vn/quan-he-co-dong,Khác / Chưa phân loại,Chưa phân loại,VN000000TTT4,31500,Đang giao dịch
TV3,HNX,Cổ phiếu CTCP Tư Vấn Xây dựng Điện 3,Power Engineering Consulting Joint Stock Company 3,https://pecc3.com.vn,https://pecc3.com.vn/quan-he-co-dong,Tiện ích cộng đồng,Sản xuất & Phân phối Điện,VN000000TV30,15000,Đang giao dịch
TV4,HNX,Cổ phiếu CTCP TƯ vấn Xây dựng Điện 4,Power Engineering Consulting JSC 4,https://pecc4.vn,https://pecc4.vn/quan-he-co-dong,Tiện ích cộng đồng,Sản xuất & Phân phối Điện,VN000000TV48,13400,Đang giao dịch
TVC,HNX,Công ty cổ phần Tập đoàn Quản lý tài sản Trí Việt,Tri Viet Asset Management Corporation Joint Stock Company,http://tcorp.vn,http://tcorp.vn/quan-he-co-dong,Công nghiệp,Cơ khí & Chế tạo,VN000000TVC6,7500,Đang giao dịch
TVD,HNX,Công ty cổ phần Than Vàng Danh - Vinacomin,Vinacomin - Vang Danh Coal Joint Stock Company,https://thanvangdanh.com.vn,https://thanvangdanh.com.vn/quan-he-co-dongNh,Nguyên vật liệu,Khai khoáng & Than đá,VN000000TVD4,8700,Đang giao dịch
TXM,HNX,Cổ phiếu CTCP Vicem Thạch cao Xi măng,Vicem Gypsum and Cement Joint Stock Company,https://vicemthachcaoximang.vn,https://vicemthachcaoximang.vn/quan-he-co-dong,Công nghiệp,Xây dựng & Vật liệu,VN000000TXM1,4000,Đang giao dịch
UNI,HNX,Công ty cổ phần Đầu tư và Phát triển Sao Mai Việt,Sao Mai Viet Investment And Development Joint Stock Company,https://saomaiviet.net,https://saomaiviet.net/quan-he-co-dong,Công nghệ Thông tin,Phần mềm & Dịch vụ CNTT,VN000000UNI8,7000,Đang giao dịch
V12,HNX,Cổ phiếu CTCP Xây dựng số 12,Viet Nam Construction Joint Stock Company No 12,http://vinaconex12.com.vn,http://vinaconex12.com.vn/quan-he-co-dong,Công nghiệp,Xây dựng & Vật liệu,VN000000V127,11000,Đang giao dịch
V21,HNX,Công ty cổ phần Vinaconex 21,Vinaconex 21 JSC,https://vinaconex21.vn,https://vinaconex21.vn/quan-he-co-dong,Khác / Chưa phân loại,Chưa phân loại,VN000000V218,5800,Đang giao dịch
VBC,HNX,Cổ phiếu CTCP Nhựa - Bao bì Vinh,Vinh Plastic and Bags JSC,http://nhuabaobivinh.com,http://nhuabaobivinh.com/quan-he-co-dong,Công nghiệp,Cơ khí & Chế tạo,VN000000VBC4,19300,Đang giao dịch
VC1,HNX,Cổ phiếu CTCP Xây dựng số 1,Construction JSC No 1,http://vinaconex1.com.vn,http://vinaconex1.com.vn/quan-he-co-dong,Công nghiệp,Xây dựng & Vật liệu,VN000000VC13,11000,Đang giao dịch
VC2,HNX,Công ty cổ phần Đầu tư và Xây dựng VINA2,VINA2 Investment and Construction Joint Stock Company,http://vina2.com.vn,http://vina2.com.vn/quan-he-co-dong,Công nghiệp,Xây dựng & Vật liệu,VN000000VC21,3100,Đang giao dịch
VC3,HNX,Công ty cổ phần Tập đoàn Nam Mê Kông,Nam Mekong Group Joint Stock Company,https://nammekong.net,https://nammekong.net/quan-he-co-dong,Bất động sản,Bất động sản dân dụng,VN000000VC39,23600,Đang giao dịch
VC6,HNX,Công ty cổ phần Xây dựng và Đầu tư Visicons,Visicons Construction And Investment Joint Stock Company,https://visicons.vn,https://visicons.vn/quan-he-co-dong,Công nghiệp,Xây dựng & Vật liệu,VN000000VC62,20000,Đang giao dịch
VC7,HNX,Công ty Cổ phần Tập đoàn BGI,BGI Group Joint Stock Company,https://bgi.vn,https://bgi.vn/quan-he-co-dong,Khác / Chưa phân loại,Chưa phân loại,VN000000VC70,7200,Đang giao dịch
VC9,HNX,Cổ phiếu CTCP Xây dựng số 9,No. 9 Construction Join Stock Company,https://vc9.vn,https://vc9.vn/quan-he-co-dong,Công nghiệp,Xây dựng & Vật liệu,VN000000VC96,4400,Đang giao dịch
VCC,HNX,Cổ phiếu Công ty cổ phần Vinaconex 25,Vinaconex 25 JSC,http://vinaconex25.com.vn,http://vinaconex25.com.vn/quan-he-co-dong,Khác / Chưa phân loại,Chưa phân loại,VN000000VCC2,9600,Đang giao dịch
VCM,HNX,Công ty Cổ phần BV Life,Vinaconex Trading and Manpower JSC,https://bvlife.com.vn,https://bvlife.com.vn/quan-he-co-dong,Khác / Chưa phân loại,Chưa phân loại,VN000000VCM1,6300,Đang giao dịch
VCS,HNX,Cổ phiếu CTCP VICOSTONE,Vicostone Joint Stock Company,https://vicostone.com,https://vicostone.com/vi-vn/investor-relations,Công nghiệp,Xây dựng & Vật liệu,VN000000VCS8,31800,Đang giao dịch
VDL,HNX,Cổ phiếu CTCP Thực phẩm Lâm Đồng,Lamdong Foodstuffs Joint Stock Company,https://ladofoods.vn,https://ladofoods.vn/quan-he-co-dong,Hàng tiêu dùng,Thực phẩm & Đồ uống,VN000000VDL1,12000,Đang giao dịch
VE1,HNX,Công ty cổ phần Xây dựng điện VNECO1,VNECO 1 Electricity Construction JSC,http://vneco1.com.vn,http://vneco1.com.vn/quan-he-co-dong,Tiện ích cộng đồng,Sản xuất & Phân phối Điện,VN000000VE11,2900,Đang giao dịch
VE3,HNX,VE3 - CTCP Xây dựng Điện VNECO 3,VNECO 3 Electricity Construction JSC,http://vneco3.com.vn,http://vneco3.com.vn/quan-he-co-dong,Công nghiệp,Xây dựng & Vật liệu,VN000000VE37,9500,Tạm ngừng / Khác
VE4,HNX,Cổ phiếu Công ty cổ phần Xây dựng điện VNECO4,VNECO4 Electricity Construction JSC,http://vneco4.com.vn,http://vneco4.com.vn/quan-he-co-dong,Tiện ích cộng đồng,Sản xuất & Phân phối Điện,VN000000VE45,260000,Đang giao dịch
VFS,HNX,CTCP Chung khoan Nhat Viet,Viet First Securities Corporation,http://vfs.com.vn,http://vfs.com.vn/quan-he-co-dong,Khác / Chưa phân loại,Chưa phân loại,VN000000VFS1,10500,Đang giao dịch
VGP,HNX,Cổ phiếu CTCP Cảng Rau Quả,The Vegetexco Port JSC,https://vegeport.com.vn,https://vegeport.com.vn/quan-he-co-dong,Công nghiệp,Vận tải & Logistics,VN000000VGP5,28200,Đang giao dịch
VGS,HNX,Cổ phiếu CTCP ống thép Việt Đức VG PIPE,Vietnam Germany Steel Pipe JSC,https://vietductube.com.vn,https://vietductube.com.vn/quan-he-co-dongNh,Nguyên vật liệu,Thép & Kim loại,VN000000VGS9,17300,Đang giao dịch
VHE,HNX,CTCP Duoc lieu va Thuc pham Viet nam,Vinaherbfoods Joint Stock Company,https://vinaherbfoods.com,https://vinaherbfoods.com/quan-he-co-dong,Khác / Chưa phân loại,Chưa phân loại,VN000000VHE7,2800,Đang giao dịch
VHL,HNX,Cổ phiếu Cty cổ phần Viglacera Hạ Long,Viglacera Ha Long JSC,http://viglacerahalong.vn,http://viglacerahalong.vn/quan-he-co-dong,Khác / Chưa phân loại,Chưa phân loại,VN000000VHL2,10700,Đang giao dịch
VIF,HNX,TCT Lam nghiep Viet Nam - CTCP,Viet Nam Forestry Corporation - Joint Stock company,http://vinafor.com.vn,http://vinafor.com.vn/quan-he-co-dong,Khác / Chưa phân loại,Chưa phân loại,VN000000VIF2,14900,Đang giao dịch
VIG,HNX,Công ty cổ phần Chứng khoán Đầu tư Tài chính Việt Nam,Viet Nam Financial Investment Securities Corporation,https://vifcs.com.vn,https://vifcs.com.vn/quan-he-co-dong,Tài chính,Dịch vụ Tài chính / Chứng khoán,VN000000VIG0,4000,Đang giao dịch
VIT,HNX,Cổ phiếu CTCP Viglacera Tiên Sơn,Viglacera Tien Son JSC,https://viglaceratienson.com,https://viglaceratienson.com/quan-he-co-dong,Công nghiệp,Xây dựng & Vật liệu,VN000000VIT3,26500,Đang giao dịch
VLA,HNX,VLA - CTCP Đầu tư và Phát triển Công nghệ Văn Lang,Van Lang Technology Development and Investment JSC,http://vla.vn,http://vla.vn/quan-he-co-dong,Công nghệ Thông tin,Phần mềm & Dịch vụ CNTT,VN000000VLA7,7800,Đang giao dịch
VMC,HNX,Cổ phiếu Công ty cổ phần VIMECO,Vimeco JSC,https://vimeco.com.vn,https://vimeco.com.vn/quan-he-co-dong,Khác / Chưa phân loại,Chưa phân loại,VN000000VMC1,3800,Đang giao dịch
VMS,HNX,CTCP Phat trien Hang hai,Vietnam Maritime Development JSC,http://vimadeco.com.vn,http://vimadeco.com.vn/quan-he-co-dong,Khác / Chưa phân loại,Chưa phân loại,VN000000VMS7,36000,Đang giao dịch
VNC,HNX,Công ty cổ phần Tập đoàn Vinacontrol,Vinacontrol Group Corporation,https://vinacontrol.com.vn,https://vinacontrol.com.vn/quan-he-co-dong,Khác / Chưa phân loại,Chưa phân loại,VN000000VNC9,36000,Đang giao dịch
VNF,HNX,Công ty cổ phần Vinafreight,Vinafreight Joint Stock Company,https://vinafreight.com,https://vinafreight.com/quan-he-co-dong,Khác / Chưa phân loại,Chưa phân loại,VN000000VNF2,13400,Đang giao dịch
VNR,HNX,Cổ phiếu Tổng CTCP Tái Bảo hiểm Quốc gia Việt Nam,Vietnam National Reinsurance Corporation,https://vinare.com.vn,https://vinare.com.vn/quan-he-co-dong,Tài chính,Bảo hiểm,VN000000VNR7,17600,Đang giao dịch
VNT,HNX,Cổ phiếu Công ty cổ phần Giao nhận vận tải Ngoại thương,The Van Cargoes And Foreign Trade Logistics Joint Stock Company,http://vntlogistics.com,http://vntlogistics.com/quan-he-co-dong,Công nghiệp,Vận tải & Logistics,VN000000VNT3,29300,Đang giao dịch
VSA,HNX,CTCP Dai ly Hang hai Viet Nam,Vietnam Ocean Shipping Agency Corporation,https://vosa.com.vn,https://vosa.com.vn/quan-he-co-dong,Khác / Chưa phân loại,Chưa phân loại,VN000000VSA2,18100,Đang giao dịch
VSM,HNX,CTCP Container Mien Trung,Central Container Joint Stock Company,https://viconshipdanang.com,https://viconshipdanang.com/quan-he-co-dong,Khác / Chưa phân loại,Chưa phân loại,VN000000VSM7,15700,Đang giao dịch
VTC,HNX,cổ phần Công ty cổ phần Viễn thông VTC,VTC Telecommunications JSC,http://vtctelecom.com.vn,http://vtctelecom.com.vn/quan-he-co-dong,Công nghệ Thông tin,Phần mềm & Dịch vụ CNTT,VN000000VTC6,9900,Đang giao dịch
VTH,HNX,VTH - CTCP Day cap dien Viet Thai,Viet Thai Electric Cable Corporation,https://vietthaicable.vn,https://vietthaicable.vn/quan-he-co-dong,Tiện ích cộng đồng,Sản xuất & Phân phối Điện,VN000000VTH5,9800,Đang giao dịch
VTJ,HNX,CTCP Thương mại và Đầu tư Vinataba,Vi Na Ta Ba Trading & Investment Joint-stock Company,https://vinainvest.com.vn,https://vinainvest.com.vn/quan-he-co-dong,Bất động sản,Bất động sản dân dụng,VN000000VTJ1,4400,Đang giao dịch
VTV,HNX,Công ty cổ phần Năng lượng và Môi trường VICEM,VICEM Materials Transport Cement Joint Stock Company,http://vtvxm.vn,http://vtvxm.vn/quan-he-co-dong,Nguyên vật liệu,Khai khoáng & Than đá,VN000000VTV6,14500,Đang giao dịch
VTZ,HNX,CTCP San xuat va Thuong mai Nhua Viet Thanh,Viet Thanh Plastic Trading And Manufacturing Joint Stock Company,https://vithacoplastic.com,https://vithacoplastic.com/quan-he-co-dong,Nguyên vật liệu,Hóa chất & Phân bón,VN000000VTZ7,20500,Đang giao dịch
WCS,HNX,WCS - Công ty cổ phần Bến Xe Miền Tây,West Coach Station JSC,https://bxmt.com.vn,https://bxmt.com.vn/quan-he-co-dong,Khác / Chưa phân loại,Chưa phân loại,VN000000WCS6,290000,Đang giao dịch
WSS,HNX,Cổ phiếu CTCP Chứng khoán Phố Wall,Wall Street Securities Joint Stock Company,https://wss.com.vn,https://wss.com.vn/quan-he-co-dong,Tài chính,Dịch vụ Tài chính / Chứng khoán,VN000000WSS2,6000,Đang giao dịch
X20,HNX,CTCP X20,X20 Joint Stock Company,https://gatexco20.com.vn,https://gatexco20.com.vn/quan-he-co-dong,Khác / Chưa phân loại,Chưa phân loại,VN000000X206,10700,Đang giao dịch
